=-33;=AQ49-Z18;=AJ35;=7;=CL33;=4-2;=AP65-AQ98;=AX55;=AV84;=T27-BG19;=AG38-D65;=BF31;=368;=L88;=BM44;=AS85+AJ30;-394;=148--54;9;=BO6;=AN90;340;=BB30;-17;=G59+AA7;=-5+19;=AR77+BU72;=O86-N60;=AH77;=E86+BF47;=-210+-339;=AF74;=AB84+CN61;=CL79;=-9--13;=-13;=AD94;=88;-10;=CS57+CJ69;=-141-124;=CF94-BR68;=AX7+AF13;=AU90-M60;=AZ64;=AK80+BF60;=AF93+BZ75;=AZ47-AW42;-17;=CP87+CF81;=AJ64+I98;-11;=-197+-276;=BV41;=AT7;=7;0;296;=BB5;=CO40+AR23;-1;=Z23;=11+-298;=BN24+S38;=AZ34;=-18;=BU100;=CF24;=G51-BM21;=AE81;=188;=BU91-CS68;=B22-BO60;=U28+AT90;=AX12+H13;-11;=CE57-H10;=AS7;=AT11-CQ50;=AQ97;=-3;=-5;=BD6;=234;11;=AW30+AA93;308;=AJ2;=BX10;=BD100;=AP12;=AW55;=AS63-CD54;=149;=AT55;=5;=BJ71;=X87-D56;=CR82+CF6;=CR51+AS95
=-10;=AS4+D13;=C9-CN52;=BD33;=12;=-8;=C66-CT56;-14;=-140;=AU22+AX50;=CV50-BU1;=BY70-CL15;=AP77;14;=AK2;=BY23-CF18;=BY26-CG77;=CU26;=BQ12-C61;=CQ62;=-414-65;=AZ88-AN25;=8;2;=BU57;=-240+-298;=AV93;=J70+BJ40;=AD58-BR16;=BH66+CA21;=B71-BN27;=BZ69+BV31;=BA31+AL72;=BC30+BD64;=AW54;=AN7-CE94;=A93;=-4;=V21;=G64-CD43;=BO36;-18;=AC76+N78;=AO32+I93;=AT42;=BV13;=CJ100+R94;=BH39-CS1;=AG51;=AO12-AT97;11;=AY18;=BP10-CE67;=AT27;=BQ11;=CK92+BA57;=AL31;=CB25+AJ18;-18;178;=T62+E67;=P28;=BB27-BB97;=331;=CU54;=AK3;=0+-16;=BS12;=CB66+AQ67;=CQ92+AY24;=56;=BG12+AZ43;=AV78;=3;=BV6;=BC12+CD46;=AM40+AQ88;=BW60-CK55;=AJ72;=CE41;=AU98;=4;-295;=I100;148;=AC42+AS46;=AB86-AI83;=AJ88+T80;=0+-15;=AG20;=M34+CL59;=BN44;=27;=65;=-12-3;=BD40-R98;=BX90;=CQ40+CE48;=190-449;=AD75
=CQ17;=BM89-CL74;=BY47+BO37;=AE60;6;=AG42-AD20;=BG40+BA75;=AC51;-428;=-11;=BA48;=CR99;=494+-244;=CN91;=CC30;=-9+17;=150+162;=BT56;=-238+-267;=14;=AO20+CP41;=AX94+AN86;=BN83-AS61;=BK37;=AK76;=BI6;0;=AE14-CM39;=BJ74;=O73-CL41;=-7-18;=S14;=-6-8;=CR60-F3;=AE24;=-16--3;=BV49;=BU73;=BE9;=AZ86+BC71;=AV23;=8+17;=189+-387;=BR54-BU23;=AK20;=CB6;=AR30-AR58;=R90+AM86;98;-420;=AY57;=-15+6;=CS39;=N72+CI11;=2+1;=-85;441;=CH21+B57;102;=AZ85-CD10;=W34+BS5;-7;=-155+208;=12+-9;=458;=CO51+BQ58;=AG68+BR10;=-2;=J44+U44;=CC71;=V7;=BU32-CV18;299;=AC62-BK64;=BF44;=BM48-H77;=BM36;=CR58+BR24;=AJ45;=BL42-BI17;=CU4+AG54;=BD74+F82;=Y45;=E2+I34;=X64+BJ10;=AV61+CM14;=G6;=410;=-2;=BG41-CQ84;=BC75+AG99;=CU78+AL62;=CL23+K20;-7;=AO21-AW82;=AM94+AE32;=CB22-CA59;=BI9-BN70;=-50-115;=W66+CG93
=G9;=-19;=AC46;=Q30+T85;=BJ98;=BY1-M5;=CI72+AT91;321;=I44+CI81;=BU67+AW78;=L34;=BC67-BT38;=AY52-BJ55;=AI25;=AS43+AZ22;=CI10;=AB50;=AO97;=AK99;=BL16;=AR1;=AN72;=T58-N38;=AG47-AD71;=P50;=F28+CG45;=-13;=AS80;=AU3-E64;=BB4;=BW87-CJ27;=AS25;=CB50+CM15;=AN32;=BR78+BK54;323;=15;=AU6+AV42;-13;=J73-CH62;=BV53;=BE88;=BP94;=AM60+M37;=AY76-AN56;=AA60-V81;=-5;=U98;=CV8;=I22;=99+337;=A24+BM87;=G34+O81;=BK70+AF9;=AL91+Q21;=CQ74;=AI37-BE15;133;=Y17-AX78;18;=-13-399;=38;=L94;=AL16;=BO46+AD60;=49-78;=-223;-3;=Q44-CB9;-11;=BC31;=BC82-L86;=107+-304;=BZ26+BR76;=390--337;=CD1;=BM10-BQ94;=115-404;=M96;=I53+BO59;=BL53-B100;=CP45;=-405;=CQ80-CV86;=T44+BF3;=15+18;=O14-BG33;=AR5+U6;=14;=BW47;=CS30;=17;=CL5;=AL90;=T97+BY33;=BN1-BI25;=CU49;=G31+H21;=A86-AV25;-360
=-10-15;=CF53;=AX89;=-133+22;=AM73+AM90;=-1+-19;=F34;=AQ34;-14;=F62;=3-361;-45;=CU16+Y49;=BL34;-365;=D14;=BU75+CM71;=BY24;=BS31;=-1;=73-61;=CG25+AK51;=CT52;=AL100-AR57;=CG50;=AI12+AN97;=S80+BI12;=-69;=BS80+E80;=CU67;=CS7;=AX77-AF41;=AC17+AV83;406;-10;=U79+BT99;=13;=G66+AS47;=-56;=BB51;=BL17-BN92;=-3;=B44;=0-2;=R76;=CR63-AO46;=1;=-18--13;=-16;=AM5-CN46;-394;=CC26+AQ21;=13-8;-421;=CM81;=AA52;=374;476;=8+19;=CT43;=C97-CO26;16;0;=BX76;=BW97;=-8;=AG59;=-12;=-11;=2;=AX54;=J91;=BA94;=15;=N5+BT35;=1;=BQ45;=-17+0;=K38;=AK24+BG28;=-453;=I50;=AU23+C83;=CN4+CB64;=I18+U14;=CT5+Q15;=AM77;=BY73;=M18-CR87;=AR72+AB69;=AN58;=-2;=CG26-Y72;=3;=BO44;=-17;=BL63-E3;=CI74+BA2;=CF71;=AI34-CU68
154;=-162;=-6;=N65;13;=BY81-CK87;=AI88-BV63;3;=D77;=-6;=BX36;106;=AG79;=CF64-CN3;=CB8-CL89;=-472;=S28;=401+293;=AK50;=AN30-I85;=-459--149;474;=7--10;=CQ24+L19;=BR38;=-1+-12;=B67+CT99;=326;81;=AS2;=AX47;=BK2-BK15;=CM20+O36;=CD93;=CB41;=-311+205;=222;=-462-88;=-13--15;=2;=AR63+CA6;-297;=136--42;=P71+BL79;=BC24;=CU97;=K84-R65;=CP55;=142;=BG8;=BE35+CG32;=CC80+CM96;=BH62;=CB91+L12;=P100;68;=A80;=D57;=Y29+BN66;=BG24+BU33;210;=BH24-CU55;=S12+CE93;=CG86+AC87;=W26;=-137;11;=-2;=179--447;=CG34+CH84;=CJ25-M20;=L10;=BI95;=-152;=17+3;-18;=AN76-BT32;=AT54+CT90;=E13-CI13;=CT58;=BS75;=-8+10;=BF41-CH33;=-10;=AO37;=BR31;=BU84-A72;=AE83;=BI16-CE37;=217-140;=AA70+AK7;=W2;=340;=-10;=BB89-AW35;=L90+E62;=BJ66;=AH64+BZ1;=CG65;=BV83
=CR93;38;15;=CS5+BR47;=-435;=259+-107;=CU51+AY40;=BO61-C36;=AH29;=Z60;=11;=F79-C29;=BO62-CM52;=BY14-CH46;=-107+204;=T83+V20;167;=Z12-S22;=CH98-CP42;=AL79+H29;=18-9;=AT100;=CT98;=AF95-CQ88;-105;=V2-CO90;=CA26;=BD65-X38;=CK4-CB96;12;=AU64-BS82;=-15;=CT7+K49;=AO19+BQ60;=BD92+CM77;=Z55;=S35-Q2;=O2;=BR26-BN29;=BB100;=AB9;=-5+19;=5--6;=E88-R54;13;=I31-BB76;=BU34;=CI66-CS24;=AB16-CC45;=AG48-AL18;=AI11-G10;=K59;=CR21;=-16;=AV75;=BB45;=-236;=AX39;=CU28;=AC79;=CI51;=AO87+AZ96;=AQ84;=D72;=-415;=BC95;=-13;10;=AC96-I78;=CG39;=-16+17;=AW61-BC1;=-12;=BE2;=CP91;12;=AC59-BB77;=AM76-BY72;=E25-CR47;=AF99;=BL56;=304+-115;=C71-BO17;=BO16+AW96;=11;=BS51;=-9;=AE13;=CS34;=BP2+L14;=-440;=176-43;=AC93+BU9;=261--31;=BJ33-R95;=AO50-CB90;-13;=I42+BC70;=-462;=AJ13
=-11+-11;=AQ77+J82;=CP23;=BH74;=F1;=AM34+CP89;=BN62+W95;=0;-233;0;=-284;=BP62;=CU43;=BM99;=CQ81+AB33;-346;=CK7;=51--24;=BV29;=BU60;=63;=CP83-AF7;=BS8;=1;11;=V28-AN80;=BW17;=L36-CP84;=BW76+BD88;=AZ61;=CM1-AE27;=-133;=AT79;=BX69-CB27;=-15+4;=-453;=BF65;=0;=BH4-CB58;=CM56;=244;=AA39;=-381;=CI40;=AA3;=-228+-340;-167;=BL27;=8--14;=BX73;-292;=CS48+E38;=AG12;=N59;=AW5;=L26+CE75;=193;-6;=CH97;=-8;=CH94+AE100;=BC37;=AC29+AF62;=BN19+AI23;=BD77;=AA49-E90;=BK94-A94;=T67;=268-124;=-265--373;=AM46+E53;=M8;18;=-10-11;=C18;=V45;-247;=CL19;=AL37-A2;=11+0;=AB6;=Q97+CP27;=CI28;=BB19-AH28;=-50--318;=BF25-AX60;=-5+-16;=I62+V92;=BH59+BF26;=18-19;=BS27;=AO64+BJ69;=BD5;=M94;=K47;=CE30-AQ22;=BI5;=110+328;=R82-CJ23;=-7+5
-355;=BE77;=AH97;=B15;401;=-29-27;=J25-AL80;=BD76+CT80;=-6;-19;6;=CS18-F42;=C78-CJ58;=CD86;=BF62;=E15-AH23;16;=-200-311;=Y92;=AF96+X12;=CH24;=AA28;=AW62;=AN93;=AF24;=BO57-AE9;=CL61;-259;=-287;=BV79-AJ40;=CV77-BN85;=-15+14;7;=BE50;=13;=CQ57;=BK45-G60;=-7;=CA64;=BH99-AC68;=CV96;=-1;=346;=AV12-AZ62;17;-396;=CH34;=AO85+AG84;=CQ27;=-6-15;=U19-N18;=O46;=BY82;=AH86;=CG62+AG91;=-352;=9-13;-396;=BX75;=BA76+Z44;=-6+9;=BM52-AQ74;=AC24;=BB8;=AQ53;-9;-343;=AR24;=AJ99-AC36;=CT6+AD41;=CD16;=313+151;=J20+BK88;=BN52;=BR89+S13;=BF55;=BO32;=-9+-11;15;=D75-AR48;=29+172;=BE10+CA15;=BK4+CJ14;=V34;=AK45+CA41;=F81+CI49;=U24-T76;=AX13+BX95;-12;=7;=AF70-BE72;=CB7+CE100;=-9+-14;=BO79+Y34;=X15+BM88;-3;=AC34+CK44;175;-13;=CA39+V36
=S93;=CE16+CL73;=CF78+BB50;=12;=483--149;=CM53;=AR90+CA45;8;=CE98;=BR48;=D62-AE96;=L62;=17;=K46-BG36;=AZ73;=CR50-BU62;=BT30;=BP8+BK59;=BO67;=AM13-AD56;=I55;=CD9;=CP29;=BK40-D19;=AA24+W21;=T73;=W87+O48;=4-14;=AC14-BQ62;=-325;=BA73;=BZ15;=AT62+B12;=M72-BT62;=CQ30;=471;=0;=AZ77;=J62;=CQ53-BK72;=CR68+V70;=BS44+AS28;=0;=266;=BZ22;=CR75;=H93-H74;=AY55;=-10;=AM12;=CC76;=-150-86;=BL40+BX41;=BX49;=J69+BP49;=CG31-AG50;=-439-147;=CG12+Z33;=CC23;=17;=BG79;121;=AC92;=4;=AG33;-19;=AL66;=S54-CG55;=BO87;=CN39+Z94;-316;=AJ61;=CJ1+B99;=-123--448;=CP85+E42;=AK10+AP97;=B54;-132;=V3+AV10;=AP42-B61;=S46+AI29;=CS95+BA50;=Q39+AI28;-13;=1;=AZ71;=AR86-AA19;=CH37+AR50;=-454;=-355+-497;=BR51;=-150;=CG72+A14;=T66;=C100-AH66;=CH90;=AB53+CV20;=S44;=C40;=AT25+AN75
=BX26;=CQ91;=CI70-W71;=AG94;=0--15;=16+13;-311;=AX28;=AO9+BM15;=CV38-CR91;=CT73-BN35;=I13;=D78+U1;=CU10;=CN2;=-435--120;=CU90-CD94;=F52-T31;=AP2+AU81;196;=AU33+BR92;=BV2;=-179-92;=BU76-X86;=BM8;=CB17;=E68;=Z92;=-292;=379;=S16+X73;=CL21;=-372-46;=AR85-BO4;=BF72-CG4;=BD63;=AT23;=16;=AV29-AC57;=BG42+AK25;=AY85-G19;-9;=BJ56+AP48;=BW58+AA20;=118--430;=CA5-E63;=BQ47;=Q66+O89;=O15;=294+77;=47;=AI51+BD3;=C54;=12+156;=-18;=CS71+CS29;=AT10;=BF83-K77;=-17;=G58;=CV43+CD44;=CD35;=AR54;=CD31;=CS91-CN56;=15-17;=I36;=-7;=BC10;=AG90;=BU15-CJ84;-4;=BT36;188;=AJ44-BR5;-14;=-379;=BC4;=BN10;=CI93;=X52;=AX71+A98;=BS58+AO25;=AV48;=42;-314;=BF38+BR33;=CM54-CG91;=-488+252;25;=CQ93;=-19--15;=19;=H46+BD98;=A88-BB49;=-71;=BZ48;=E47;=H39;=AE84
-94;=A75;=CP73-CQ1;=-3--17;15;=AG66-M47;=BT44+I3;=T75+BP91;=-15;=CL98+AD82;=BZ59+AZ87;=T41;=BR84+AJ73;=AI82-BZ70;=L18;=AM85;-426;-4;=AB62-CS76;=V19-T33;-205;=BL1;=X53;18;=0+-12;=-8+-8;=AU56;=-6+3;=AH72;=M82+BO89;=BX61;=Y58;=BW34;=CT68+P76;=CC18;=BP38;=D87;=89+24;=BT67;=CC49;=19-9;=-14;=AF3;=144;=AS67+M14;=CP44-BO41;=BK71-BM4;=L98+BR52;=AK55;=AV38+BA96;=L89;=-4;=15+-3;=CU46+AL65;-379;=CG11+AY74;=BO91;=CV51-AY12;=BK17;=BU58;=Y19-CC54;303;=AB24;=AK34+CJ29;=AS11;=CR67-T89;=-152--47;=BY56;=-1;=1;=K10;=BE29;=T64-P66;=CD92;=BK90;=BH73;=O10;17;=M16;=AK72-CS98;=90;=304;=19;=W70;=-453;=AM71;=C31;-4;=BP1;0;=G63;=-495-36;=87;=BM92;=BI94-AI95;=AU8;=BW35+CV87;=AD27+CA51;=BG84+AH4;=-274+103
268;=X78+W48;=-500-117;=C3;=228+-240;=BS49;=BK1-O31;=AK85;=CD3-L81;=Y78;=2;=CP79+CD81;=AO60;=M33;=AF59;=M40-BJ45;=R15+AE98;=CE18+CM26;12;=CH45;=BR23+AP90;=W90-BI67;=BL85;=5;=CM84;=385+-61;=N10+T60;=299--480;=AE30;=AT50+BK68;=CN26;=BB12+S79;=CO78-I27;=BZ28+AA72;=CB24;=AW98-D90;=BY75+AF84;=AY29;=AX52+AB41;=CV61-AX82;=AC9;=BF75;=BN26+Q60;=CJ77-BZ16;=-342+106;=420;=BQ52;=BL89-AA86;=F75+CQ99;=CT85-A95;=AI30;=AX9;=O70;=T4+CD82;=BS77+CF93;=7+-15;=AY3-AV88;=-12--3;=AU21-U57;=17--7;=29+231;=AC26;=L29;=CF43;=9-19;=-1--17;-19;=15--16;=-330;252;-5;=-10;=CT9;=H18-BJ27;=8-10;=CD39+AG85;=BC33;11;=AO42;=O54+CF60;=CH25-W69;=AL84;=H71+C20;=AA64+AD74;=BL43-BY10;=-4;=-439;=BL95;0;=AP94+BB66;=N9;=CE83;=AC8;=CK67-BK99;=BI15+BW59;-4;=-278-457;=AE66-CN71;=CV68-P13;=P83-O72
=-8+10;=O58;=-1;=BU4;=K29+AS33;=-420-116;=7;-19;=B66;=-17;=AZ32-N88;=R79;=CP11+CF2;=AV62;=L23-AS62;=AG97+BE99;=BW13-AZ66;=U53+T17;=AU28+CB57;=S4;=BX32;=320;=AG46+BT24;=D45;=AV54-AQ14;=U73;=-312;=423;=3;=168;=CD33;=C94+CK72;=N82+K64;=-147+49;=BG21;=AZ13;=BC40-CM31;=-3+-10;=-6--284;-2;=362--79;=BW86;=BF77;=CQ55+BH29;=AX86-CS10;=AR66+BG48;=AM89-AN19;=M91-CQ73;=470+121;=AZ76;=12--5;=AC53;=BF13;=S25;=CM88;=12;=A100+M66;=AZ18+BO7;=G72-O57;=CK80+BI78;=CO67-BB32;10;=19;=P34;=I83+BO80;=V82;=S90;=BG51-G67;=P42+BM60;=-217;3;=BF96;=AU69-CC61;=15;=AK12-Z36;=Q65+M80;=AB66+AN82;=-325;=-18+14;=CK29;-14;=AP30+CA50;=G37;0;=L85;-7;=7-3;=B93;=BL24;=BT16;=5+12;=6+10;=AT61;=CH12;0;=-218;=1-5;=BP43;=BG98-BC64;=-43-72
=AW53+AK37;=BN71+CS21;=BY87;=P48+A46;=BY61;=G57-CV64;455;=CB73+CS19;=BZ96+BI88;=BP51+AS75;=AP20;=BM90;=L42;=-16;=11+11;=AW10;=S94-W35;=T81;=Y99;=CA11;=BR7-BX48;=AM42;=-7;=CB88;=AI77;=AZ7+AF71;=C53;=-411+458;=AS69+V83;=-13-3;19;=BW52+M93;=-8+12;=BY95;=BQ26+AE29;=BJ28+BZ67;=AN84;=-1;112;=AE69;=CK97;=A21;=Y80;=AO6;=BT43-BW45;489;=U61;=-150;=11;=CI7;=AS12+L91;=285+274;=4--3;=1--6;=BB98;=BU89-CB1;-150;=A30+G14;=2;453;=B92;=12--2;=CV40;=12--18;=CJ87;=-420+93;=CL57-I59;=BH79;=BW16-W42;=AJ12;=BC14-BE98;-17;=BK51;=CG40-BG56;=CQ61;=CC52-BH80;-1;=BP53;37;=AI15;=5;=BV26+CF45;=AO72+CU13;=AK54+CA49;=-135;=AY49+BL68;=BL5+CO56;=222;=AT16;=BZ34+X70;=6;=CD17;=M41;=CN16+AY59;=11-7;=BZ4-BI59;=BM65;=BE43+CQ32;=19;=18+16
=-9-4;=BT31;=CD85+AE97;=AE68+BR13;=B89-CL50;=G23-N71;=BV34-BQ79;11;=G7;=-11-0;=CR2;=D5+BW6;=120+-14;=-14--229;=-26+-55;=BZ84;=AP21;=-150-332;=AO55;=AQ17;=487;=H88-CP70;=L16;=440;=CO76;=R33;=D35;=AS17-I7;=I91-AB94;=AU20;=B17-CV10;=V6;205;=370;=AU94+BN13;=BG32;-23;=A87-BY29;=BS35+BN99;=-303;=BO71+AY1;-7;=BC20-CD57;=315;=CK12-CT48;-214;=AH48-J46;=BM95;=A35;=BF8+AH43;=BY7;=CU6;-145;=CH27-CI31;=-6+-11;=AA92;=BI43;=V17+CF4;=F38;39;=AW18+F45;=S34;=CM49;=O67-BY4;=CL51+AE61;=AV43;76;=AR53-AG92;378;=AX51;=Y14;=Z50;=CE31;=AG34+AC72;133;=AZ80+CP65;=BH34;=F13;=AB23+BQ80;=CQ64;=CI50;=AX20;13;=CQ56;=V90;=B39-AO3;=CB26+AV45;15;=BT46-BI89;-54;=BM58+BG25;=CB23;=CV90+AI4;363;=M27+AA51;=-16-12;=Y30+BO58;=O1+AG5;-470;-1
=L72;=BC91;=-5;=-15-3;=BM19;=-257--112;=CE96+AD23;=CB97+AJ95;=N2-AG18;=P69+BK47;=11-12;=AX38+R75;=BM67;=5+10;=CB46;=CG13;=K28+CD41;=14+0;9;=Q3;=-1+-17;=BI45-BY71;230;-56;=72;-11;=CT86-AV47;=AX43-CT54;=AJ62;=CA22-AP66;=AL77;=BU30-CF22;=CJ57;=A71+AT31;=BH20;=AY26-L2;=M28+AH13;=178--45;=D32;=AP49+CA72;=R50-BA13;=263+-180;=BQ89;=BC93-BM16;=BY19;=K48;=V94;14;=CI68-B53;=AO58-U39;=AR33+AD62;=AB90+BB17;-316;=CU45;=BO92-AU83;=J32-AP41;=-5;=AV74+BS100;=V79+AB32;=44;=CQ4+BC99;=AQ37;=F9-G52;=-9;=14;=CG94;-19;=S49;=-9;=AS81+BB59;=10+13;=K65-AF86;=-475-59;=CK16;=BX20+CO33;=AG14-AU14;=-322+158;=BL91;=AA54+C41;=AB67;=AX81+CT64;=325;=K68;=CU95-CJ49;246;=BP63;=BQ98;=BR20-BQ48;=AL40;=N97;=AD80-BZ79;=-17-6;=CO11;=AR92-T25;-439;=AN91;=F92-J65;=CL36+BK20;=CE44;=AB75
=AK68;=18--2;=Y31+W86;=AB52-Y57;=-10;=BS95-Y76;=-199;=BE57;=R68+BA40;=AL83-N62;=W6;4;-481;=BH82;=AQ89-BW44;=185--385;=CP22;=AA32+CR28;=BI57-L95;=BF37+BF66;=-287;=B6+AK21;=AL93;491;=U83;=-17+-10;=14;=AS21;=W7;=R52;=H48;=AR69-AH69;=-18;=A3-BE44;=AB29+AQ7;=BJ5;=AC7;=W99;=F19;=CJ3;=L67+BX19;=262;=BQ88;=Z57;=M61+I35;=AN62;-12;=AD51;10;=AM91+CR24;=CL52-H41;7;=BU65+AT24;=J59;=Y10+F66;=AM82+BO68;=16;=P86+BF93;=AX85-V72;=BX7+AH49;=CK94+AM51;=AP37;349;=CF33-AQ45;=CG59;=-498;=AH100;=H57;=AH40-AZ11;=A26+AJ74;=-14+-3;=BM47+CK33;=-162+-76;=-155;=P82-Q32;=423;=-7;=S7;=CS56;=12--18;=BX46-CE88;=-10;=BL38-AP39;=AR83-CO93;=CB33;=-1--16;=O28+AV44;=J79;=69;=17-17;=J23;=I8;=AU59;=I74+BS29;=CO89;=AL46;=-16;-450;=BO53+CU73;=CO10-BW2
=CG87+BA16;=BM81;=CJ76+C42;=-68+-87;=CA12-CN44;=-179;=1;=BF40;=N23;=142+-246;=CO12+W22;=AH71+AC86;=O92;=AK100;=BD13;=468;=P64-H9;=12;=CS53;14;=AI60;=W80+B5;=BB42-AA85;=O44;=BR27-CR11;63;=CL60-BH48;=U10+CB44;=-261;=-26+281;=BF69;=BT10-AA9;=BK33;=BV35;=-281-18;=0+-1;-381;=BS62-BW32;2;=BX43;=-10;-9;=C96-AB99;=CJ74-CS13;=BZ76-BW24;=3+12;=BD97-CI19;=AC73;=O66-BZ33;=CN95+M76;=B59;=BP13;=BO82+D33;=474;=CG79;=O21+CG46;=-11;-40;=BT45-CR54;=CD73+AX76;=P41;=-376;=CT17-BG80;=9--6;=BY25;=X79+K42;=459+448;=CO83;=11--10;=39+-278;=-304-349;=A47;=O69;=AW51+CL20;=AH76;=I48;-11;=U93-M62;-67;=AH54-BV84;=-401;=CQ20+N83;=BQ68;=468+427;=BJ24+AU71;-83;=R83;=384+168;=-16;11;-158;=BJ41;=CI83;=114;-491;=166+-329;=BQ44;=13+-9;-208;=R92
=CQ75+F17;=U72;=C52;=BF16-BB26;=Q63+D22;-92;-19;=BJ52-BU17;=X74;=CD89;=S68;=AX73;=CL35+BP72;2;=BA87-BO30;=AB11;=BM41+BQ69;=-12+3;=BJ70;=B83+BO18;=CA92;=CR25-BD1;=AY2-CE92;54;=AF2;=-242;=-11+-4;=BP4-CU59;-19;=U74;=AY94-I73;=CQ23;=3--12;=G91;=-1+11;=CV3+AG45;=R59+R18;=K67-AS86;=BY36+AL49;-3;=AL68;=AI58;=AK66;=BY46;=7-10;=T68;=CE39-A7;=K95+AO95;=BJ96+AU93;=AA43;=A40+AX17;=C35-X35;=E55+BY45;=BI61;=AE47;=D100-Y100;=AK89+BE45;=-5+12;=CU17;=1--12;=AZ91;=BB92;325;345;=H85;=-389+-219;=BI35;=16;277;=213+-129;=AE16;=AC16;=BO81;=AF26-CP54;=BU54-CK90;=BM77-AV3;=G33;=AJ16+CC25;=CN57;=AY60-X99;=AT34;=-14;=-5;=82--289;=BO94;=CC31;458;=BG35;=BZ62-AC65;=360--27;=15--16;25;=CV99;=BW84+I81;=AZ23-BO78;=W88;=AU48;=D6;=CR66+AL9;=CB95-W11
=BE26+CL64;=AS30-AT88;=AI84-CV24;=AE10;=N94+BK84;=J47+BX34;89;=Y23+M67;=363;=BB74+CL63;=E91;=BT15;=CH39+CE65;=AJ53;=X49;=I49;=CE99;=BR35;=Q10;=CF38+B38;-15;15;=AD35;463;207;=AR25;=10;=CA2;=7-10;=AO57;=14+-14;=CL10+BT68;18;=BV19;=-448--459;=T57;458;=11;=S27+BE30;=A57-BY18;=19;=BA91;=197;9;=-306+-262;=11;=CE66+CI20;=AG89;=AX32;=BJ47;=Q58-CO39;=AT87-S8;=CP40+AG39;=Q54-BL83;=CT2-BS91;=D7+BG62;=J53;=421+-309;=E9+CP56;=23--278;=AI19-AD53;=0;=V67-BH51;=466;=386;=U51+AU74;=18-17;=Y2+BM79;=AN21;=BS22+CC53;=BQ46-X61;9;=-53;=-235+175;=303;-4;=BP29;=-24+-126;=-98;=AI67-AJ59;=357+412;11;=AG21+AB76;=F83;-82;=S39;=CS27;=-15;=AU80;=BN36;=BN88;=10-0;=48;=BD39-CF63;=71;=BV67-BZ56;=A74+AQ66;=AJ47;=S65+A63;=U20
=-13-3;=AM63-BU48;2;=BS39+AL12;=0+-11;=D25+AE95;=-77--445;=CJ45+BU25;=S42;=-15;=BJ78;=BY58+BW23;=18;432;=BA54;-334;=AE20-BV1;=13+-12;-443;=-274--210;=BE95-D54;=-88+392;=327+-341;=R3+AU53;=BF82;=CM40;=BH64;=L30;=CU18;=BP82-BC62;=CC74;1;=400;=BS76-C21;=BJ81-BS11;=U95;=BO93;=BF64;=M10;=AC64+AO11;=264+448;=F74+AT95;=11;=CQ9-G97;=AA61-BH46;=AP96-CT91;=BA28;-17;=CU86-CR12;=CG69;=G68-BF39;8;=365;=Q38;=N3;=13;193;=13--17;=AF72;=CI8-CH77;=CC72;=8+-1;-17;=BR19;=BY5+I40;=-31;=U58;-19;=6;=AX30+AM18;=BI73;=AF80+AD34;=BK65;-1;=AL75;-2;=BU83-I57;=R2+V13;=AA56;=U89;=CO1+BD29;=AK93-V55;=AZ82+I43;=AV70;=O62-AB88;-18;=AK42-CG52;=204;=AU65+O65;=AJ42-E49;=CS15;11;=BO54+BG46;=CI33;=CO44+BQ1;=186;=CT22;=BQ20;=76;=BP87
=K7+G48;=BP15;=J72+AH62;=8;=BI71-AN15;=P47;=J24-B25;=F51;=J48-K69;=AR61-AQ12;=CT18-S50;=CK31;=AO38;=BG30+AE6;=AT40+AI78;-458;13;-9;=AG63;=BK66+BI58;=R6;=M87;=V4;=AZ68;=AK28+BK85;-423;=BT27;=CB85+Y26;=BB43;=AG83;=1;=-16;=-240;=BJ86;=S10;=AI33;=Q99;=BY43;=AK58+AZ56;=BJ9;=P85+R71;=CJ70-CI94;=CT41-BW72;-82;=BY57+W25;=BL14+E30;=-1+7;=BL66-AF45;=CA94;=BP99-CH95;=X58;16;=BO73;156;=G70-E60;152;=O7+BS47;=367;=4;=387-188;=19+10;=AB36-T11;-224;=Q11+CK82;=BL72+AU26;=BE67;=Y21-BK5;=BP78-CT45;=1;335;=95;=Q8+AI54;-6;=-105-83;=Q18+AY22;=272-138;=CV100-CE38;16;=-3;=AP10+AX53;=-2+-14;495;=AF81;=BN4;=BC45;=Q9-X30;=R30+AT99;=BB3;0;=CK53;=CQ25;205;=CM23+M59;=CT24;=CR88-CT71;=0;=AN17;=7+5;=BM57;=BW56-Z10
=10--12;382;=11;5;=94;=AG88;=AH74;=BW26;=AE42;=3;=13;=BP93;=BV76+BT66;11;=BR6;=AW49;=CL90-CB14;=-10;=BK7+BS43;=CN36-BY91;=-216;=-6;=BM31;=16+-4;=CT37;=CM93-CN8;=BT95;11;=BC84;=AN61;=BS20;471;=T5;=55-405;=L27+CH69;=-11+14;=AZ46;=AL97+AA8;=CQ21;=AR11;=-8;=-12;=M68+J38;=BI31;=AS57+AA6;=BV33;=19-1;=CK23;=H3;15;=4;=BG44+AD43;=BT51-CI63;=G41-D67;=-17;=CA16-AV13;=BC92-BR95;=AM68;-223;=BY51;=0;=AD42-BZ83;=BU37;=CG70+E19;0;=BJ61+AF94;=CC41;=S45-AJ76;=0--4;=J100;=BN39;=146+368;=W100;=-319;=AQ64;=BM27;=BX87;=161+290;=-53;=A10+CV19;=BU19+CH58;5;=AY100-BG82;=-298;=AR49;=BH70;=3;=D10-A45;-282;=379;=O79;=CE2+A91;=CS84;15;=S23-H56;=CI95-CT53;=AZ78;-406;=N45;=R62+CO100
=211;442;=AV66;=AR95;=BT12;=BG16-AE91;=AV86;=-215;=CD19;-396;=BT75-CG35;=AP26;=342;=BP73;=BP83-AK64;=AK6-BI87;=AL56-BG77;=BJ72-CC40;=317;=-121+-31;=4--14;=-218;=-265;=-494;=CI2;=AZ100;=5;=CR23;=AK62;=AG10-AW16;-17;=AK90;=AS24+CR17;=-2-6;=AR44-BD37;=214--144;=AM20;=392+266;=BS15-BQ32;=CT42-AE71;=AU66;=8--5;=E72-F84;=E44;484;=AK94;=I23-CM55;=BV44;-493;=-432+485;87;=2+-18;=AW14;338;11;=BQ93;6;=BN60+O53;=-261;=BC39;=-251;434;=U34;=BW12;=AS76+BB13;=H11-BK12;=BX37-CE95;=486--37;=AU96+W30;8;=H55;=I61-AJ36;-11;=S56;=165;-18;=BY20-Y94;=BC98;=307;=CP30;=AM28;=L32;=-18-5;=AT56+AE85;=AF88;=CH10;=M15;=BU26;=BX13;=C6;=AU29-BO56;=BJ30;=AE53;=AO88;=T93+R45;-39;=CP96;=472--147;=G43+AC61;=Z87
13;=18;=CT33;0;=AJ100+BK3;=BP89-BE66;=Z70;-17;=AN24;=-14;=CL96;=Z24;=BZ74+CG84;=BG55;=BF88-C16;31;=BO11-CF17;=AB57-CF56;=AE75-AP63;=BX16;=AL27;-2;-1;=AW19+BT5;=L96;=W16+C89;=BD30;=10-5;-184;=CE22;=E84;360;=A38+CJ90;-432;=AR31+BI84;=CD28;=G79+I56;=BS32-BC65;=-370+-296;0;=CM37;=D20;=AR40;=W97-CR42;=I6-BC79;=AH94-CL18;=D91+CJ51;=Q76+BW5;=19;-4;=T12-S53;-475;=CC88;=CH75-AZ9;=CI21-CD42;2;=-81+143;=AX90;=BN96-N74;=T71+CT46;=AB77-BQ8;=AZ52+A51;=Q26+AC39;-10;=CL55-BN40;=X1+I92;=A23;=0;=D39+CJ62;=121;=AF22;15;-18;=AX98;-436;=CG80;=CD4-BF12;=BH50;=CL54;=AC81+BY63;=405;=BX11;=Q35;=BY50;=226--263;=1-12;=J75;=CP33+AX59;=E56;=-139;=AP88;=CD88+BB24;=AP47;=-466--9;=M44;=AM49;=V49-AR36;=1-1;=-15;=BR98+P89
=I4;=210--112;=N73;=AM50+AW90;=497+-89;=-18--12;=AR79;=J88;=C60;195;-255;=BD8;=CA8-A17;=CN23;=Q73+CQ6;=H40+BI69;=O5-AB91;=BF91;=E16;=BD87-BE65;=BL41;19;=110--458;=AJ78-CR59;=6;=0+-3;=AP45+AW22;=CA75-AS32;=BV45;=CF21+AB19;=BV42-CG30;=AT8+BK38;=V23+CU37;=-9--3;=T98;=BB87;=477--43;=BA29+BF73;=11;=CK3;=CI54;=BH10;=V74-AC37;=AR97-AS71;=AH27;=11+8;=-254;=AS35-CF85;=Y86+BP17;=AX1+V61;=-1--9;=AB35+CG61;=BY84-CL3;=AU1-CM22;=F61;=X68-CD98;=-12;154;=352-175;=120-393;=BH5+O42;=AK32;=CR76;=CD13+BH85;=AC1;=CI82+AH61;=AS38;=AD18-CM41;98;=267+354;=T61+BS98;=AT49-L55;=CD66-U60;448;=CQ58;-437;414;=BX62;=P31+BT11;=BE91;=-18--15;=BE36;141;=-467-194;=AP18;=K31;=BC85;16;=BW27;=CN50-U86;=BA58;391;=AL7-C90;=AN37-BN17;=482-96;=AA63;=12+4;=-6-9;=18-14;=-128
=BR30-AB54;19;=CJ31+AT80;=N99+CB80;-4;=16--18;429;=-2--3;=AK18-AD76;=11--6;=BN64-BY76;=-285--287;=CT31;=S41-AI1;=BR56;=0;=BK16-J67;=BZ87+AI18;=F65+Q46;=BT64;=BP81;=BI76-AS59;=K56;=AR26;=AT58+CN1;=CR97+AQ92;=-345;=-15;301;=BT7;=O34-AC83;=AH68+AN35;-5;=443;=-48;=6;=AP4+CN53;=13+9;=CM30;=18;=-8-5;=AC10;=G21+CK35;=W82+AO35;=AL86;=-19;=347-122;=AL42+CE55;=AQ86+BQ66;-6;19;=BB78+T82;=CA3-BN68;=-4;=AY70-AW73;19;=-16;=AW4-BS59;=U32-BL52;=BX3-BQ7;=AU46;=P1;=9;=-3;=BC51;=CD69;=BQ78;=AX46;=BB10;=271;=BB48;355;=AV68-BX83;=CK28;=AK44+BU40;=AG69;=-142+46;=223;=331--461;=BW28;=-6--4;=CK8-BA51;=BB52;=AD9;361;=-450+468;=285;=CC58+BH36;=AI8;=-11;=AR41;=CV26+Y35;=CS58+AV57;=-9+-8;=18;=CP37;=-3;=AE89;=CI29;=493
=CM69;=G11-Q52;=CR81;-427;-19;=-19;189;=AD99;=-15+-10;-13;=AI79-L4;=BJ31;=CJ68-CE21;16;=BC57-AJ28;=AF20;=CG9;=CN31;=U29;=-285--478;=2;=BE78;=W63;=BG59-CC48;=-3+-9;-17;-468;=-242--387;=7;8;=AU45;=R4;=-17+-12;=-290+-396;=CG83+AM96;=-12;=Z27-BM39;=353+-277;=CK61;=L99+BD18;=-214+35;=AK86+AG52;=BG39-AB17;=AV91;=AQ31+J95;=CU72;=AT76;=AB15;=26;=G93;-494;=10;=AF58-AF6;=CC59;=BQ40;=BZ60;210;=AY86+H69;=-9+1;=BU3-CP66;=286;=CI44-CS79;6;=AA31;=H51;=-13-7;=-409-330;=-16-12;=15;-102;=BY74;=CV74+H94;=BM5;=CQ38;=307-26;=BZ10-X43;=R99;=Z78;=AT39+P12;-244;=BH61-CH68;=328-493;=Q31;=K50-V5;=5;=R9;=422;=10;-488;=AW15-X21;=-21+-385;=BF34+AQ27;=J19+CN72;=-9;=G27-BB14;=12--2;=BO42;=CD26+AK8;=16;282
=-245+-436;0;=BE20;=BR66;=CG88;=E98;=415+167;=9;=AB64-BB71;=AQ50+AI40;=-362-472;=CM45;=BL37;=H25;=CI61;=304;=BQ33+CT72;=R11;=89;=CF19+P54;=P79+AD8;=0+5;=496--494;=8--5;=BZ47;=BW41+AH7;=B85+BY30;=AK40;=AF55+AU30;=CF51-BY44;=BM37;=CL8-BY54;=BB65;=Y59+AR39;=BV8-BB82;=H73;=G75+CO99;=BS84-BO70;=AS45-AD84;=BR81;=AS49;=-1;=BU45;=CV5-CN79;194;=CD29-BE19;=-60;-9;=J10;=CO43;=-19;=E74+CA96;=X17+AA4;=AU72+BH26;=262-442;=F32;=CK17;=BK93;=N31-AN79;=CU83+AN23;=-346-52;=BR44+Q75;=AH90+CA84;=P7+AF1;=3;=AK97;=V38+AD98;=-8;=BR67-AR22;=2+-126;=BQ67;=-13;=I16;=AJ20;=BD94-AG40;459;=438+183;=-14;=BU80;=BH43;=11-0;=BM83;=10--5;=-478-352;-12;=CB40;=E76;=CH87;=C11;=CL45;=61-68;=CS36+AP8;=CE89;=-83+81;214;=-113;-6;=281;=AA74+K33;=AI46+BL9
=CN58+T74;=C34-P21;=E32;=BA4-BE23;=AS82-K16;=405;=BQ38+AR43;=CO7;=AQ56;=-4+-10;-2;495;=CL58;=W40;=-472+307;=-13;=O27;=BX94;=J56+BL99;=CS28;-484;=12+4;=AX29;=-18;=AN96-BU88;=BQ70-CU15;=F70;=AK52+P51;-17;=BV99+L53;=-155;=AL59-BX100;-7;=C74+AL67;=11+-13;-108;=BE63;=AV17;=AZ37;=-19;19;=B63;=BB41;=BG81;=BD32;=-430;=495;0;=S88;=-235+-222;6;=-339-100;=L47;19;=-6-13;=CQ94;=N26;=BO29;=H32+Z8;=162+81;=-16;=30;=V75;=BI53+CQ26;=BU87+BO48;=261+408;=101+192;=T87;=BZ92+BD90;=F20+CN98;=U63;=CO20-CM74;=AO98;=AL60+CE24;=BV91;=BF49;=L77-CI76;=P25;=BD16+AX37;=AC56;=CD76-CA23;=AU43-AL63;=AA91-AB39;=L22;247;=15--4;=AC40+BV66;=CU63;=BU52;=BQ81+AJ1;=G82;=M74;=CS11;=CH2+BV46;125;=AS3;=AA73-A6;=1+-11;=CS63-AF31;=AR70
-13;=AN48;=P18-BN6;=CP48;=-17-1;=AG75;=AH34-CH19;=E26-H87;=-8;2;=AX67;=-293;=BP23;=CG15-AU86;=CO17-BI77;=CA68;=AZ35+AG44;=P11;=CD58;=159+4;=CS67-AD66;=BC81+BB58;=1+-8;=AZ20;=AI81;=7;=AI7;=CT3+AI55;=AY84;=BW66;-37;=18;=AP51-BM75;=BM50;=256;=BN32;453;=BB1+BX68;=S97;=435--395;=CL84;=R86+AD5;=201;=J80;=Z4;=AM100;=N15+AD95;0;=14;6;=-31+192;64;=0;=BU50;=S67;=BR99;2;=-327-175;=AF34+I52;=8--11;=AN39;=V44;127;=-1--15;=363;=BG53-CQ79;=CE3+G46;=W29;=CQ11+CM70;=-334;8;=BP35-T69;=W20;=BC87;=-108-136;=CF66-K55;=155;=CQ41;=0;=BU7-BP22;=AS40;=CP51+AW89;=E6;=BD68-AQ99;=I37+T29;=AJ6-CD63;=CF69;=-260--414;=CO65;=U77+BQ73;=C22;-6;=CG37;=267;=AW85+BG89;=AU38;=AV37+CF40;=-10;=BJ97-BM22;=H8
=CA47+D98;=AV63-AR17;=BR36+CR8;=CJ15+V98;-470;=-222;=K41-AV72;=AB82;=AS91-CJ24;=CF52;=CJ6-H96;=AH3-CA76;=CM50;=-8-7;=-19-7;=BV32+J93;=AJ58;=CR31+C23;=BG67;=BH97-BW18;=CH91;=AY33-CB74;=-432;=AP80;=AU19-AQ41;=8;=CH81;=Z61;=G95+CG17;-65;=AW97;=K80;=BJ13;=BC47+CK52;=AL41;=N1-AD54;=BH22;=D80-AZ57;=AR55;=-5;=BW53-CA44;=CA61;=9-2;=5-17;=AS83+BN55;=-7-259;=Z20;=CB18+AH16;=BT49-CJ80;=345;=X22-BA45;=I32+P73;=CF41-N7;197;=-18;=AP67;=-89-70;=BM71;=AS16;=P59;=AP89;=BY68;=13+13;=-1;=CD90+CC90;=H43-AC99;=252;=AZ63;=AJ49-BW46;=BR60-BL36;=11-10;=B13-AU68;-6;=0+-5;=BZ8;=AF10;=BM46+H54;=CK73;=K94;=-3+7;=BI37;238;=BA7+BF29;=BJ20;=BH89;=4+-12;=-8;=AS34-CI46;=AA33;=BT89-E5;=AE78;=CC34-AQ69;=CS32;14;7;=N41;=AH53;=BR91-CE85;=F99;=F80
=CT82+CE25;451;=BU31;=110+297;=CA83;=AO26;-14;7;=18-1;=BV4-G25;=BE61;=19;18;=Z53-BE25;=CB3;=BL75-CT10;=AH36-BG64;=-17+17;=-12+-5;=CT100;=-300+425;=AT57+CN64;=AW76-CO37;=13;=-303+393;=18+14;=CB81;=CP99+AC41;=148;=CV12+X50;=D27;323;=236;=35+-366;=218+-319;16;=5;=X40+AY32;=AT84-BB46;=CU32;=AI49;=CP82;=CV82;=AU61;=CG49+AO67;=CK99;=O77;=AD38;305;=J87+CA4;=P9;=AP82+AY39;=A42-AF73;=-325;=AH82-BC76;=BX47;=19-16;=CP64-L87;=V29;=AL24;=AE70;=AK98+L100;=70;=D43+BK29;14;=BN65;=CR73;=Y68-BU68;=CD15;15;=K82+AX66;=O52-BP92;=BB39;=374+202;=BV25-CV34;498;=BY2-BC73;=BD24+AJ23;=BM30;=17;=AU11;=CH17+CQ16;=AB68+AA67;=8--6;=BA93-S85;=372-158;=BR80+CO50;=4+-13;=BC53;=AQ72;=369;=CB43+P45;=198+313;=BW51;=-15;=404+44;=CB11-BZ35;=T51;=AN50+BO14;=J45
=D59+AK19;=CQ95+AJ91;=Y77;-13;=R29-CC84;-8;=AH30-X92;=BD48-L49;=BL25+BT54;=-400;=BN37;-6;=-11+-7;-210;=S82-BQ90;5;=CL47-A84;-90;=BY3-AB30;=354;19;=BK28;=BB21;=AF91;=O4-E58;=B24;=U81;=-135;=AZ40;=CI59-AY65;-17;=-18;=CS62;0;=-336-249;=Q37-I20;=S81-CO6;=BS21+BR53;=AL47-B14;17;=CO77;=N66-AL10;-467;=CE80-CH56;-374;=-3;=BD43-BX21;=AU7-H52;=60+-223;=Y64-AL74;=AC15+L13;=AT68;=AI94-AK65;=AK82+BJ94;=CG92+P33;=BR58-BS10;=W17-AH70;=CE60;=AE3-AQ10;=BE82-CA62;=5;=CR32;=BX65;=A5;=-10;=CL70+BQ10;=CN17;=B88+H15;=AE55+I95;=AN81;=-114;=CC65-BA39;=13;=-1+-17;=AK47-BW37;=BH27+CD100;=AO10+AQ23;=AM4+L56;=V11-AO40;=-45-457;=L80;=-10+-13;451;=CV80;=M97-H62;=CS89;=D15;=BN61-BR61;1;=-2;=-93;=AP31;=4;=-8;-80;=Q27-D71;=-193-431;=AA65+CO54;=BT23;=AE18
=Q69;=D68+CJ34;=-25--378;=P26+BF46;=18;=364;=-317+8;=-1;=CI91-V86;=-350-138;=AC60-U99;=AX18+AN45;=CR80+AJ7;=AY7-AK63;251;351;=F25;19;=BI49+AP71;=BZ6+CE36;=BN46+AE73;=3;=135;200;=28;=BV56;=X42;=-15--16;=-279--317;=CC81+BS83;=AB85;=G5;-15;-2;=Y79+BX22;=AI43;=CA53+AG43;=AL78;=BS33;0;=Q19;=AM62+CO4;=AJ31-BU35;=16;=CK1;=AC43;=V22-CH28;=BL88+Q34;=BI13;=CB35;=-59;203;=T100;=326;435;=CL71+H82;=BX98;=CC17+AU89;=S62;=335;=8;=BG68+Q100;=AU9-S20;=AN99+AF48;=N93;=B33;=CI15;=V25;252;=N35-CC1;=BB38-V56;=CN21+AB37;=CE61-BW69;=F100;-5;=BE73+J9;124;=CH53;=AM97+CQ97;=CP77-J27;=13;=464-470;=AI47;=AL39+CB61;=BC94;=W12;=AR74-AR3;=M39;=G96-CN35;=19;=X69-K78;=R88;=AA76+BW77;=BZ23-BE17;192;=AY63;=S89;=336;=AD68+C82;-15
=AT5-CN93;-19;=L60;=29;=BM98;=16;-5;=J1-BK95;-160;=104--74;=CB53+AS20;=D93;-444;=E82;=AI26;=33;=BP90;=BV81;=AZ95-BK42;=AO82;=-11-13;=X46-BN12;=-14;=-15;=W85;=CR100;=-205;-32;=-397-136;9;=AM69+CJ99;=K76;-107;=Q85;-6;=BD56-BU71;=AJ29-CR38;=-47;=AA48+AE54;=C58+A69;=K19-AX15;=-14+5;=E99-CM57;=3;=BF52;290;=CL34;=18;=Z82+F44;=CR18-BT4;=D97+AH31;=BK56-AK87;=CU65-D26;=AY56-AK14;=-353--300;=BH63+K43;227;=AV8+CB48;=AQ19-H91;-11;=BH7-R47;=BL86;=-12-18;=R5;=AP81+CV52;0;=-6-17;-5;383;=Y93-Y95;=-17;=-17--19;=CP2+W36;=BI3;=BG72-AX84;=AW72-F33;=P99;12;=T13;=AA69;3;=10;=AP9;=AU12;=CD53-BR11;=BZ2+BM56;=AD44+L25;=BA64;=194;=5;260;=CM65+AP7;=AV95-AO44;=CM21;=AN18-CV48;=-4;=BG52;7;=CA79;=M84
=R63;=BI42-Y22;=-10;=BJ35-AL96;4;-1;-11;=46-446;=O99;-56;=J6-CA55;=AU88+CT21;10;=BG11;=D28-AP1;=AD78;=BQ35;=-84--114;=F73+X4;=10;=BH32+AD86;=Y43-BB23;=BN94+BV11;=Z100;=-9+16;=AI96+N87;=E31+AM78;=395;=-5;=CN41+AG13;=P4-CG43;=CB87;=Y90-AM47;=S75;=AI86-Q13;=CL85+AD73;=348+-269;=AC11;220;=AF39;=-256-397;=BH45+CK30;=S73-AS99;=BQ36;=AF83-U43;=-14;=CM80;=CQ49;=BN42+AZ3;-384;-245;=-10;-309;=CC67-V91;=-199-186;=CI85-AI65;=-94;=AQ52-CV56;=0;=-17;=AH2+CC85;-24;=217+78;=AV69-CU34;=AQ68;=407;=CS38-K30;=BK11-A66;=C30+P27;=K40-AF77;=BP74;=CM33+CP47;=-12--12;=AA100;=AZ24-BB2;=Z59;=17;=D46;=W79-J31;-352;=254--201;=J37+BI44;=AV60;=BZ99+AX34;=K92-BM20;=A50;=BK61;=AT41;-190;=AJ9;=Z42;=AR34-F30;=F37+BS23;=BM29;=-3-15;=-171+-354;=-390;=CT84-AY38;=AR19-BD20;177
=AV80;=H98;=-4;103;=AO7+BC13;=O39;=Z52;=A43;=BN67+Z85;-18;=BH33-T84;=-238;=R7-BV16;-259;=CA24+CR30;=AY46-B49;=12+-18;=AT63+N63;-2;=AL99-CP81;=M55;67;=BO13;=AQ57;1;=BS26+V76;=Z2;311;=AV79;=BH81;-14;=H37+AQ18;=60+-389;18;=CH92;=BB80;-10;=47--167;=CL9-CP16;=209;=319;=A52;=CN40;=CV14-J55;=BG5;=CE28;=BG3-AH41;=CC15;=CI16;6;=AZ4;=AN33+AZ12;=H30;-229;=Y27;=BP42;249;=Y48;=BL13+BC18;=CO81+CP95;=30+16;=BS87+H16;=14+-3;=AE72+A99;=-16+-264;=G8;=CG29;=17;=AI50;=-272;=454;=BT19+X33;=D16;=BG73-AC74;=410+381;=R72-CD71;-360;=-19+1;=121;=D44-CI64;161;=BK58+BU66;=X23;=BU29;=360;=CS72;=BP79+BE7;=AD1;195;=198;=Y7+BG91;=CG51-CB56;=N53-BA32;=CK70+L1;=AJ85;=BQ86+B31;-26;=BD54;=BO90;=H14
=BD89+BB29;=AI53+CF31;=M71+AW17;=CL11+AE31;=AK81;=BT55-BP55;=AL55;=B72-BC58;=V47;=BW67;=CT76;=U45;=X71-S6;=AF43;=BS9+BC55;=-113-467;-116;=BH18-CF5;=-19;=BA26;=X85-I54;=CM32-BC7;=AG24;-117;=CJ67-CK63;=168;=AL51;=H44+AZ2;8;=CU24-AY42;=312-54;=14;=Z49;=AC48;=-14;=-10+12;=BF7-CQ100;=K45+Q23;=-102;=-18;=CA32;=BG14;=CC56;=-15;=CF96-BD45;=AK15;=AU15;=5-12;-87;13;=BE11;=U11;=BG31+L7;=AU37;=BC80;-19;=CD75;=BB85;=-7;=2;=Y96+AJ98;=Z30;=-15+15;=BS38;=R8-X45;7;210;=13+-1;=128;=BH25;260;=AG70-U59;=322;=-19+-452;-87;164;=BR28-R24;=-405-66;=AS70+L5;=CV63;=G87+B50;1;=AP92;14;=CG22;=Y25+BM33;=AL54-BB55;=4--12;=CU25;=Q36-T86;=CJ65;9;-4;=-19;=CK34+AC70;=-116+-129;=-327+75;=59;=AR42;=CO24+AR47
=-83+5;=P65;=R1-Y56;=CD62;=BY80-H5;=AM25;=CC93;=CL25;=H81+CH82;-16;=Y50;=-84;=CS41+BD86;=J94-CV30;=CE73+BR49;186;=AA13;=S19+S77;=-305;=200;=AW50;=AS42;19;=-6;=CL75+AK78;=CK38;=-157+-71;=D53-AN44;72;=L63-X7;=AG72;=AR89-AV35;=AV96-AU44;-5;=7;=0;=J42+B95;=AB3+J58;=BW50-AE12;=4--4;=BQ76;-491;=BW3-CU47;=AO89;=10--3;=C19;=AT86;=AJ80-CA25;=BV94-N90;=BK6;-17;-3;=BL18+CL32;=G20+Z34;241;=CJ79-BY42;=BO10+CM51;429;=AX80;=P20-CR36;=S55;=-13+-19;=-17;=226-209;=BR62;=CJ2-AW77;3;=W67;=-18--5;=9+-17;=-205+27;=-118;=AI72-AI69;-12;=BZ63;=W18;=C63+BF89;70;=BK89-BC29;=T88;=BN75;=BM64;=W52+BE21;=BF56+BI86;=H4-CV81;=CD84+BU51;=BX8;=AD87;=CK14;=16+-2;=U2+A90;=T90+CU96;=10-4;=CA100;=442--219;=BQ100;=AL64-BL44;=BD51-A70;=Y66+BI47;=12+2
=19+-8;=BH96+C12;=CM91;=BQ92+AT60;-5;=372;=BQ31;=BV62-L73;=177;=BC52+G69;=AQ91;-276;=CR53;=161;=CK49+I99;=-138;=A68;=H2;=U18-AI76;=CN85-CE69;=Q56;=BI66;=272--134;=AQ33;=CV55-CN27;=U33;=-1--19;=-12--16;=CR83;=AJ60+BW81;=-8;=P36;=A96+BB22;=-18-18;=AB61+M9;-16;=16;=CL80;251;=BA9+G49;=BG37;=BM1;=0;=C80-P37;=AQ35+CT77;=CH20+AD91;=BF18;=N85;=G39;=V54;=CV39;=AP69;=AS54;=AA34+CO86;=CP15;-409;=272+478;=S51-AS84;=AL23;=C39;=BA79+BF14;=7;=CF100;=D21;=AM57;471;=BH6;=AF67;=-6;=AE90;=BK46-BF86;=D61+AZ94;=BG99-E73;=9;=M83+BB31;=X44;=BD35;=BY6;=H90;=CH7;=AU27+AI20;=L76-BW85;=-395+200;=M32;=-108;=AR12;=-12;=CU100;=P46+N32;=AV49;=D84+CN88;=BH1+T1;2;=T14;=84-202;=CG2-CQ51;=BK24+E66;=CS3-CB19;=1;378
=F23+T94;=369+-26;=BC38;=4+-11;=CH66-D63;=172--105;=-219-56;=AG55;=CD72;=-13;=CM36;=CV95-J12;=AI89;=-160+-66;=192;=AY15+CS90;=-445-341;=BI100;=W44;=CF46-X6;3;=BU11;=-229+-333;=4;=-110;=CD91;-474;=BO21+BK39;-19;=-7;-388;=E34+M36;=CL66;=325;=2--11;=E93-AO83;=CM6-S52;=BB63-CU89;=BA20;=AD26-CT4;=BP85+Q4;=AR8;=BL31+AO17;=AO47+BE16;=424;=CK81-CT8;=CG96+AE56;=CN80+CI69;=BH76;=BZ98;=X13-P81;=CO29+BK82;=W72-CC14;=402;=AY68;12;=CD6-BT91;=-271;=-7;=-4;=CE6+AN3;=394;=AR75-AQ39;=AN13+BS34;=-6+7;=CN69+J92;=-3;=CN33+CO27;=X16-F86;=12;=BG17;=M95+CE40;=G73;=-96;=CM7;=X25;-69;=BT2;=BQ17-AB93;=CS14;=CL48-CA34;=M30;=AE49-CT26;=K70;=AZ21+CD48;=AB95-CQ67;=F91+CC66;=BS93;=-16;=407+88;=5+-17;=BO35;11;=-384;=AZ48+AQ85;=F98;=CQ66;=CL97;=241;=AC19+CM43
=AP43-BB93;=AK56+AU25;0;=-13;=K21;-98;=BD79-O91;=AU40;=CH48;=39;=T10-AA68;=-8;=11+18;-22;468;=Z47-CV46;=D81;=AY89;=CF57-AE74;=BD38;=3+-13;=BW19;=466--190;=-10+18;=368;=CM63-CB39;=AV89;3;=319+204;=D51;=-6;=AP56;=AX23-AM99;=BT98;=BV59;-175;=-164;=BL90;-314;=7;=BM2+BZ43;=CU5+X32;=4+-14;=CL83;=AT44+CS83;=AQ29;=CM27;=CM68;=CV22-M24;=17;=O19;=CV45+AV87;-390;=J3+AV73;=CO25-R42;=BE52-O33;=BY48;-170;=390-28;=BV90;-5;=-82;=AF8;=BE80;=B98+CD99;-15;=BC77;=-5-8;=CQ70+BS30;=-155--17;=CE59-A53;=-318+177;=-17;=AG30;=BL65-CB2;=CA66;=11-2;=BO12;=BF90-AO15;=CP72;=U13+BK21;=AV32+BR43;=AJ5-T59;=H34;123;=BT83-CO18;=BF99-BJ17;=CC78;=285+393;=BT72-CD49;=AC69;=AI56+F5;=BG29;=2+2;=CH57-M85;19;=BO39;=AL6;=AY14+AC84;=71+-86
294;=AI68+AY81;=V10;=O71;=W19;=7;=18+-16;-214;=-59+52;=BH67-AU39;211;-306;=5+8;=AY27;=CE45-CI34;=AF60;5;-5;=CT61;=13+-12;=B23+AQ5;=AT77+M13;=R14;410;=-18;=AI22;=W23;4;389;244;=F93-AT2;=AA29;=CJ37+CJ73;-88;=-84;=D83+H26;=AM8;=AQ63;=CR86-BL67;=AC33-BK74;=CL39+A9;=CS80+CN96;=CU94;=AD63+O94;=CJ20+BB68;=177;-12;=Z37;=AZ81;=CV70;=AL57-CV83;=AU32+AH67;=AW45;=R44;=BB28-BT41;=BD82+AT30;=CL12+Z32;=AD48-Q20;16;=CP62-CE64;=CH59+AQ4;=J11-AX58;=-14+-15;=Q88;-5;=AE38-CL46;157;=O84;=-332-276;=BP64+CB45;=BK41+CF34;=AY11-BO2;=CI80+AI36;1;=CK98-G40;-7;=CN7;=AQ82+CM18;=Z64-AQ46;0;=BA3+AV81;=CS17-CC46;=CK24;=K81;335;=6;=BW96;-14;=373+-91;=BI38;=CN66;-135;=CH31;=BJ3;=154;=V89+M88;=BG26;=-17;=BX79-AH19;-335
=-161+-25;=4;=-8;=I86;=Z19;5;=AH85-Q7;=CM42;=CQ39;=G42-BG94;=BG49-CP92;=CD21+AD45;=184;=CP14;=BW75;=P8;=AP84+S69;=AB81;=AR64+CS37;=BV98;=F96-CS52;=AP74;=N79-AH96;=AR32-AF90;=447--396;-1;=BN34;=5;=1;=U96+CS54;=CK50;-375;=-10;=BN14;=S84-CE77;=BO63-BX74;=BA6+M2;=-46;=BL80-BE68;=X5+AV19;=-175+-389;=BQ63;=S87-CS46;=-197;=AI10;=AL92;=BS78+BJ82;=CI25-CK32;=CH42;=AF65+CF8;=AF32;=O30+CG41;=-192;=AN87;=R27-BN16;=AY23-S92;=BZ64;-7;=133--291;=-410--463;=-373;=L45+CD2;=AZ90;=BY90;=AC100;=AB38+CR62;=K53-Q79;=305-225;=Y51+Z71;=V87;=276;=AS94+AY44;=10--17;=BJ84+CS97;=CL99-BI56;=L21+A65;=0;=AJ14;=-4--8;=AN73+CB75;=E59+AZ45;-13;=CU98;=P63+CR71;=BN63-AF68;=CG57;=C2+BT48;=AT96;=9;=H42+BV60;=-3;=16;=2;=409;=BT84;=0--1;=AM44+T54;=P53+AE19;=AU95-BQ3;=BG90
=CQ5;-472;=AU70;=AB98-CC33;=BB9;=BW22-AO77;=CK46-G30;=BH16;8;-12;=-11--15;=N76;=-3+-12;463;=BY64;=J78;=CP24;=BX86;=O93-AH89;=AX33-BP68;=-405;=4-5;=AW84-BF45;=CD45;=CM29;=BV37+BK77;=CD36-BH75;=CP35;=BE4-BT29;=BB40;=BS64;=E69-CM44;=A12+AJ24;=R70+BI92;=-144;=H31;=CL100-BB83;=AZ10+CK10;=AR73-AV55;=AV21+AY97;=A64-BM9;=C56+V59;=B86-X77;=BI62;=P44;=479+277;=AT33-BM32;=395+-442;=AP60;=AH81;=CC69;=BI7-F26;=BL15;1;6;=CN67;=91+334;=AK23;=BV89-O82;11;=5-13;=-4+-12;=497+211;=CD87;=AP100;=-167;-85;=AQ65-CA27;=BK57;=AA88+AD67;=191;=BQ85;=BG61;=AW33;=BU16+AO94;=C10+AH65;=-377;=CM83;=W60;=BV14;=5+7;=F8;=E96-H92;=CE12;=322+-257;=AL4-AE17;=256+-467;=-4;17;=N84-AZ17;=-10;=CE87;=-431+258;=F69;=467--146;=BO96;=E22;=15+-2;=L74-G38;=281+411
=BW62+CT47;=CV28+E28;-19;=BY67-BD44;=AH8-Y61;=-11+8;=17--19;=BH40;=BR46+BT42;=AS19;=87+-152;=9--13;=AL61+E24;=AQ24-S15;=CN6;-212;=B7;=A77+AN57;=-137;=CI62;=BO65;=AB100;=CD70;=CV72;=11+8;=AE45;-6;=34;18;=BU12;=AT22+CU40;=CJ38+AW27;=CG38+BB64;=BI34;=AY47+BW9;=CR69;=AG49-AU87;=12;=AJ8+AB28;=AZ8-AJ70;=AB40;=-1--332;=AG65+Y46;=AJ39-AC55;=CP90+CK83;=AD61;=W13-AS79;=AD10;=BD17+BL55;=-3+-4;=-9;=CV53;=AF53;=AC80;=10+-15;=P94-CR74;=BH17+BH37;-7;=3-7;=T96;=395;-13;=16;-5;=18;=-193--214;=AP91;=A81-Y44;=17--10;=CI38+BO74;=BE22-AY28;=M43;=AD89+CJ60;=AK29-CQ69;=AQ16;=AA94;=9;-147;=-11;=AI42;=BQ18;=AH15-AU54;=AW66;=BH21;6;-17;=BF68;=Z31;=BN54+CR3;=CR90;=12+-19;=CB69;16;=AN59;251;=BN28;=6-9;=BR18+S26;=F53;=BX77+CT62
-249;=K54-AD77;=9;=AL85+AH39;4;=457--463;=CE86-AA96;=I67-BZ18;=G94+AC22;=395--106;=AL1-C44;=CB92;16;=L61;=CB34;=13;=AT48;-11;=BM63;=BV9+AV33;=AZ65+C46;=1;-465;=AM74;=-10;358;=BD60+BM24;=W53+AL52;-14;=AS92;-406;=CD25;=CH54;17;-6;=BJ59+BD14;=-459;-104;=12--16;=Q90;=C98;=BV43;=147--150;=CE72+AR20;-67;=215;=366;=CH49;=Z1+F64;=C68;=-18--3;=-160;=-14;=AR51+AK91;=CE63-AB71;=CJ56;=BW88;=I63+AJ57;-3;=19;=CH40+W24;=W32+CO55;=BA33-P17;=-1--6;=CC92+AO33;188;=O17;=AB34-BA25;-17;=16;484;=CU14+H50;=O3;=AA47;=AY16;=CC77;=-17-411;=L28;=CL76+B84;-450;=CD56-CQ3;=BM76+AO86;=CS73+AX24;-1;=CK100+AW99;=AS100;=AX35-BC35;=BL3;=AR27+AL73;=BO43;=AX72;=-14--4;=-209+-159;15;=2;=G88;=CK11-BP75;=AW86;=B70;=BB11-CN83
=X95-CJ42;=J40;=-11+9;=CK77;=BR29;=CI78-Y70;=X10;=AE11;=BX24;=B94;=CM25;=CT79;=AZ70;=BI99;=AG2;=CD47+R13;=AA50;=BI75;=-488+94;=I47-CO2;=260+-410;=AV97-CT20;=AT38;2;=J86+BF53;=Q47+BR83;=AO14;=BR93;=R37;=AL26;=BW98-AV9;=CS43+W28;6;=D49;=CV2+T7;=AD46;=333;=CN14+CD77;=-12;=BL26;=H70;=BM34-CU88;9;=AI3;19;=CC36;328;=CV91;=BY8;=CT11+J99;=-10;=BQ77-AM59;=CU35+BW83;-15;=G16-BL54;=BI32;=AA45+E4;=BV10;=Y24;=Z76+CG58;=Q94-BA8;=-63+-116;=-229-183;=CD51;-309;=J60+F35;=AR100;=W54-H24;=R12+BK76;=-41--43;=BM3+CR40;=AM72+CU87;15;=BG93+B26;=B2-P57;=AD7+CQ82;=F11;=X55;=17;=18+15;=C25+V41;=BC96+AE46;=-2+-15;=AT6-AH60;34;=BU99-BQ72;205;=H23-CS78;=AS44;=CG81+E95;=-154;=AY62-CR77;=-298;=-244+180;=L15-Q42;=AN42;=C28-CV54;-8;=CP18-AG64;=AF25-AW80
=CC89+A73;=CM95;=BH68;=AH92;=CK36-N11;=BA97+AS36;28;=AU41;=-6--6;=246;=AM36-B1;=V84+BQ41;=300+-344;=E21;=-2--3;=AH91+CJ61;=BM68-AW75;=12-6;=-4+13;=CS96-E46;=BV100;=-130+-98;=BJ14+CI97;=CV75;=AZ58-A59;-15;=AS56;=BS37+D34;=AC95-G78;=AI93;=BS4+BU27;=-11+12;=-19--17;=BT93+BF94;=-2+-7;=BP37+BE47;=AP73;=BV61;=CQ36+AO76;=BQ64+CJ94;=0+-440;=G81-AY34;-417;=AZ79;=135;=-9+-5;=AI85;-217;=12;=CU7;=E52+BN8;=BR8;=T95-BW31;=L6-AK5;=-288;=BD41;=AW63;=V99;=CK85+T3;=-10;-17;=BQ75;=B90+BR34;=AU4+K97;=CG82+BD67;=CN51;=CV57+BE64;=D55;=AA89;=CT39;=AJ93;=CC64;=AM16;=R93-AT32;=AE5+N28;=-10;=AO27+B41;=D52;=CN73;=CR92+J51;=-58;=BA67;=CV37-CI4;=3+-14;=-5+4;=CR35-BT34;=N86-BK62;=CU60-CV97;=151;=J15;=J76;=J18+BZ77;=AS88;=AR45+H78;=-17--6;=G100;=H17;=CL49-CQ52;=BV15-CE11;=Q98+CK37
=F63-Y47;=AO66;-13;=Y71+CR52;=BN93;=BO33-BD93;=361+-429;=CI17;=345--465;=Y11;=CU76;=BK35;=CG56;=BI26+BL69;=AW3-CQ31;=BC5;-3;-47;=Z89+AD59;=CV58;=AP15;=AQ71+CU23;=CT35+BE76;=CL88;=K71;=CJ43-I33;=BX5;=AX40;462;=-349;=O41;=AW69;=CK69;161;191;=13;=AR76;=CD22;=CU19-CP80;295;=CG21;=AP55+BC56;=BM100+CK68;=BN73;=R28-BF76;=CS20;=CF9;=16+-7;=-433;=AM19+S100;=-13;=AW87;=-216+59;=C47;=BV20-AQ11;=1;-483;=AG25;=264;=-275+-10;=11;=-4;=CJ97;=CF70-M23;=15;=-6;=AQ9-AA18;=BA80-CD95;=B4-BW40;=V95;=BB15;11;=CL43;=Y85+CA40;=CE20;=AR80;=CT59;=P19-AC38;=-269--72;=-231-363;=-9;=AV67-AO71;=U5;222;=-19;=-14--6;=M35+AG15;=BX70;=380;=BW74+BA53;=AS26;=J71;=X54;=B68;=B30+CQ15;=X62+AR98;=CF88+CK66;=D47;=-6-11;=AP36
1;=AU75-AA25;=-50+-289;=-8;=AO73+V16;=0+11;=D3;11;=AM81+K57;=CS26-BJ85;=CL24-BF63;=BW8;247;=13+-15;=J97-AP6;=C67-AT13;=0;=BT58;=BU10-AR88;=AS15;=Y91+X63;=BD25;=CI3;=CB54-AC75;=V30-CR57;=8;=Q61+CC22;=AJ71;=CQ35;=223+197;5;=BD58-CP34;300;=CQ96;=W62+BK10;=-17;=Q50;=15+4;=-3--9;=1;=473;-6;=BT52;=16--16;=CG60;385;=BU18-BN22;=AC13-BL60;=CK19;=AT89+BE14;=11;=-94;=BX6;-15;=AF79;=378--459;=-41+485;=G18;=W45;=BS71-H22;=AD14-AW1;=H59;-11;=7;=AB10;=BW1-CL53;=E27;=CL29+CJ89;=CF13;=CC11;=AA42+CN10;=AV11+O97;=CN81;-14;=BT69;=X83;=-269;=-19+18;=BE33+AJ65;-11;=AR15+I26;=BP80-CA19;=AW56+AJ21;=AX65+AN66;=2;=BT100;=S37-M21;=494+-308;=-12-8;=CR48-BT6;=BR2;=BL47+BB79;=AO4-BR45;=CP32-CP46;=AD37-BO19;459;=AS1;=-281;-11;=M42
=BH3-BW64;=N100;=AX57-BK31;=-76;=-333;=CF55-CR14;=4+-8;=BN86-AL70;=-221;=BE40;=-279-68;-391;=D1+BV27;=BX38;17;=-318;=U69+L11;=AN31-AU5;=R26;=-13;=AC21+W41;=AO65;=AG37;440;-11;=BD95;=K27-X24;=0--17;=AF40;=BA5-X81;=-15;=CO98;=CJ18+Y33;=BP52;=BU74;=AB87-M79;=AW40;=BZ51;=CQ33;=-3;=CN13;=BO45;=F43-BT57;=AV51-O51;=Z62-AR7;0;=L59+BF15;=CJ26-CR15;=-18;=AY80-AR28;=CJ17;=I14;=AY77;=BU86-AN95;=P5+BR22;=CP53-R96;=AN74;=AW95;=CC50+CP63;=BZ57+U71;=15+8;=84;=AQ60-AT12;=BH38;=BP56;=CT27;-452;=AP72-CG48;=AS77;-19;=X51;=AF52;=AU84;440;=-312+-155;=253-130;-15;=BS65;=BR32;=X59;=P84-AT81;=BS40;=CO52;=D69;=BO1-AF29;=CL92+P60;=BS60+AX95;=C32+CR4;=BJ8+F68;=AO8;-292;=AE58+K23;=CR37-AC20;=-412--231;=-3;=AT19;=AQ81-AV58;=P14;=A83+M50;=CB21
=AM23+AY87;=Y62;=-16;=AH57;=C49-Z96;=X75;=T78+CE13;=AE1+AK95;=CH5;348;=CN34+H27;-102;=BP24;=W65-CO21;=Z25;=AH33+AF100;=AB45-BI55;=-6;=F39+AR35;=BF24;=CJ85-BL49;=CC63+CM78;=AP85-AD79;-11;=AG9;=AZ14;=8;=Z14-AJ27;=AN88;=AO90;=CS66;7;=CU91;=194;=BZ97-A8;127;=AD55;=2-1;178;=AV6-BC86;=AH93;438;=B76+V62;=-14;=BI23;-405;=CS8;=BJ38+G80;=V24+BM45;=Q25;=AA46-B40;=-15;=BY92;=T8;=CV79;=BN31;118;=CM62+AT26;=AL58;=17--3;-395;=-15;=AH10-U80;=BS67-AG56;=BW57;=AO99+CL42;=AX26+BU8;=H83;=BN49+AQ96;=8;=-7;=CN42;=342;=-12-1;=3-6;=-332-398;=Q95;=AH12;=-8;-7;7;=2;=AV41;259;=CN28;14;=AE8;=-16-18;=AP46-AM30;-18;=AJ96;=M57+BG6;=-113;=N89-AS27;=CF20+CM99;=AJ25;=BY77+F27;=P10+CT13;=AY58-CA20;=19
=-2;=AV5+BE38;=BP19+AB22;=BL93+AM66;=CU38-M11;=AK79-T36;=BL11-AX61;=AI66-J22;=34--7;=6;0;=12;3;=AO22-W58;=A79+CI52;=AO45;=X41-CD55;=BX59;=BF54;=BF10;=BZ29+AO69;=AL89+BU63;=AT75+BL22;=AM2;=17;=BI27;=P77;=BW20;=17;=CO45;=BR69+F54;=-350--355;0;=0--19;=257;=BA60-S11;=AB2-CP31;-40;307;=BU92;-140;=18;=9;=95;=AI62;=BL74;=CE90;=-294+250;=CL44-AD13;=11+-2;=W96+CV62;=-2-5;=X18;-365;=459;=J30;=AQ1;=AF4;=CU44-I89;=BF98;=283;=-207;=BQ19;=10;=CN99;=AB49-K66;=BM74;=-7;=-188-401;=278;=BK83+CO91;=-422;4;=G50;=W76+F29;=CC97;=AO2;=G45+CS88;102;-213;82;=BC16-BK53;=C1;=AG17;=CR84+AW9;=BZ71;=-9+-8;=CU80;=CH52+BD62;=7-13;=BV70-AI45;359;=CN77;=0--11;=172;=AZ33+K12;-452;=-8;=AZ97;=U3-BB67
-14;=BE74;=-276+-469;=L83;=CE78+AJ32;=A33+BM18;=CJ13;-174;1;=M1-BI48;=CB83;=AC23-M4;=AS73;=AZ38+V26;17;=CT83;=AN22-BV28;=AU50-BQ56;=-11-2;=CL72+CP9;=Z29;=CC27;=AC4;=CR41;=M73-BZ12;=AM3;=H80;=AS22+CU1;=V80;=AX45+AY82;9;=BK9;=BF28;8;=BO15+BY40;=-154;=CL6+AB13;=AM32-CL27;=BP30;=X57-K51;=BT88;-497;=377;=G3;=AD29-CO34;=J61;457;=CV60;=AH59;=AV20-AN98;=CC13+CQ65;=AK67-CF23;-4;=BM72-BK22;=-124;12;=-11+-7;=BB73+CO71;=T65;-7;=CQ14-CD12;=AK11+AP87;=BP48;-172;=L57;=AG8;=BC97+CJ88;=CD74;=AL71+BH53;=CH67;=262-310;=-304+270;=BI41+A67;=AC82-BF58;=I96;=BZ73-BM49;=-4;=CE7+AA90;=BE71+G56;=8+13;=AY10-BT76;=CU56;=14;-12;=AC78;=BZ27;=CP68;=-12+19;=187;-4;=324;=BC27;=12;=13;=AY98-P23;=220--247;=H65;=AH46-K2;=AW38-BA43;=10
=AQ13-T34;=-420;=BN98;=CM12+AK60;=R23+CV47;-375;=BQ87-CN48;=440;204;=CI32-CL31;=AX69-CV41;=CF54;=AI24;=BA30+CQ12;-206;=17;=BF32;=BK73+CG3;=AX64+BX63;=AG16;=CA46;=3-300;=0-4;=CA87-CH64;273;=CI26+CO14;=AA1+CL93;=CJ95;=K6;=CE5-CC8;=AB72;=O96;=-46+117;=-377+283;=15;=BB35+BI40;=-1--3;=AU67+F7;=BC3;18;=BM61;=CC5;=-493;=Z84+N69;=15;=CI22;=16+-15;=-1;-11;=BS1-AM56;=BN3+BZ3;=BL57;=BT28;=AJ89;=BB7;=CA17;=BD21;=-18+8;=BL30;=12-17;=F2+M45;=BX58-N12;99;=-9;=-12;=S78;=BO98;-7;=C65-BE8;=120;=L8-AD81;492;=L51;=W56-A29;=-341;=CT96-BA98;=AR91-BM42;=BX60;=AQ61;=-154+-19;-1;=337;=Y8;=BE89;=G2-CE43;=CE81;=CO64;=BC59-S48;=BX18-C13;=BD23+V51;346;=AT36+BG10;=AY21;=184--182;=-203;=CQ19-CC51;=BS52;=CE34+BO28;=12--7;=BH78-CA69
=AJ97;300;=CT78;132;=CB32+BZ50;=T77;=BB75+BL45;=BZ72;200;=AO84-CN19;=BF57;=AJ52;=AE7;=CM73;=CH79;=AG22;=178;=CF73;=CO72;=AT59-AM55;=CG8-CT25;=AV1-AD70;=BK60+K89;=V68+Q77;=CI92;=J8+O95;=BE37;=-461;=15;=D4+AB70;10;=V37+BW48;=Z9;=BT40-CN76;=BY49;=389+43;=BQ15;=AI59+BI19;=W89;=AS50;=11;=-123--485;=-347+34;=E83;=359;=-12--17;=CO74;=AZ6;=CR45-BY35;=77+-477;=AB56;=S86;=D92-S24;7;=-58+103;=CL82;=BG57-AO18;=BF48;=AO81+D31;=CI99+C72;=0+5;=75+-50;=AO39;=339;=0-0;=CN87-AW74;=AK13;=CI23+BM14;=AR21;=BS57-T19;=C38;=BX57+BJ51;=-154-138;=CV27+I12;=CH55+AU85;=13+2;=E78-AC30;=15--12;=B73;=AA40+AR62;=M29+A60;=K93;=14;=BT39+AU42;=R46;=BJ90+CC62;=CS31-CL2;=-220+494;=M86+BZ25;=0;=CH15-CA43;=CF90+U21;=CC55;=CO97;=V33;=CA38;=G74+AF38;=AD3;=445+-483;=BX56
=Y42;=S31;=18;3;=Y20;=CC96;-7;0;=BK30+BQ4;=-333;=363+227;=L82;=-3;=AT17;=G98;=AW20+AW91;=V63-K96;=-74-150;=Y67-CC38;=CL78-BD4;-380;=0--14;=AK74-AO41;=BH14;=BT96-CC57;=AQ59+BX40;-63;=CL26;=CI86;=BV71;-96;=17;=BQ57+BD47;=C85+AC44;=A82;=3;=BC8+O49;=P98+K25;-16;200;=S18;=16;=BE60-Q59;=AJ51;=CT94+CP1;=CG66;-292;8;=AG86-CQ68;=W50-BA63;=-12;=CT74;=BV21+BP70;=CV15;=BS41+BH2;=7;=4+17;=CK43-CK18;=-13+-11;=R10-A55;=U52;=I10+A89;=G29;=AC77;=-287;=BI91+CK57;=AQ54;12;-19;=W57+BP59;=17+104;=389;=CQ44;=BD36;=F40;=G86-CA37;=-439-466;=BC41-AX44;=0;=AK36+BA19;=-343;=BD49-AP86;=M46;=-227+-144;=-15;=E17;=51;-492;=77;=Y39;=Q41+Y1;=AW57+BE58;=AJ82-W81;=-2--17;=P2;=BC21-CK41;=-6;=BH54+E41;=BU69;=BX82
=-51;=BW82-CS51;-398;=12+7;=-52;=13-8;=T16+AB73;=AS48+BI21;=AY53-C76;=CI43;=BE69;=O68;=BT92;=-19--17;=122;=CO36;=CC86-H12;=CG95+CI30;=Z17;=E43;=BN5-N33;=AY19+AO5;=BI36-D96;=CQ72;=J57-K14;=-2-14;=-9;=BX50-R57;-388;=AV2-BS99;=L24;=BY31;=BS42+AW43;=H61-BN30;=8-18;=AZ16;=CD38;=189+478;=BW33;=8-9;=-48+182;=AX49;-124;=BH72-CA93;=-347;=H97;=CC2;=459;=AP35;=CB5+CV17;=AP34-CF3;-18;=AQ8;=-448;=-13-12;=BI30-CG10;=AI5;=H75+AU57;=BV55-BW36;-186;=BB91;=CJ86+CF7;-286;=Y74+AM53;=I76;=-1;-1;=AP58+CP20;=89--431;=147-73;=CE79;76;=Y40;=G1;=BW10;=AW44;=AA5;=19+10;=BX39;=47+440;=CG6;=-7-12;=99-123;=-437;-19;=BP77-BF67;=133;-361;=BZ81;=CB68+AP62;=AR46;7;-13;=W3-S32;=A13+BU85;=BH56;=BS63;=-7;=AE62-CS75;=-380
350;=BZ89+CP10;=AT71;=AI99;=V31;=AQ40;=AY37+CM17;=0;317;=S76+CN86;=BT3-H95;=1--19;=R53-U91;=Q64-Z39;=0;=N52;=AM26;-8;=-8+13;=396--267;=AZ84+BF81;=-1;=CT66;=BJ63;=-12-10;=CB51-V15;=S61;=AO23;=J68;=-8+17;=BX81-C62;=-250;=CP97-B16;=N40+AB58;=-11+9;=CJ8-CS81;=CT51;-94;=AO48-AG78;=AS29;=BU47+W59;=J90;=H20-BP71;=CF86;=BR70;=CC95;=L3+BC88;=-17+2;=D36+R84;=-116;=D2;=CD30+U40;=CM97-AM6;=AA57;=H66;=-276+-214;=CH63;=261;=AZ28-I15;=CH13+BX51;=BZ54;312;=Q51;=CL28-BS66;=N43;=CH72;=AC18;-489;-16;=123-152;=-432;=AY9-BO49;=BW49;=CG89;184;=CO15;=AD69-U85;=CF12;=AK53+AO43;=CK40;=D48;=U48-B96;=CT16+CI53;=BP44+CI56;=CA28;=7+-5;=N14;=4;=BM25+CU77;=R17;=CI79-BE55;=BQ96-BG38;=AA36+BS25;=BA81-CA60;=J41;-139;=BV64+CP12;=1;=CJ41-D8;=G61
=-10;=BP97;=D73;=-10;=P15;=BO40-CJ59;=AC28-CA48;-141;=-16+-11;=BP7;-4;=AE57+CJ32;-433;=BR40+AA99;-6;=CA42+AA44;=BV40-K8;=AD28;=CE17;=388;=AT37+E97;15;=CC60;=-152;=Q89;19;=AE52;=AR18;=U7;=Q24+CG23;=BX55-CB65;136;=240--53;=CG33;16;=BS89;=BT50+AZ50;=BC72+K26;=AZ55-U76;=380;=CQ76-BW42;=-8;=-3;=AT93;=M53+BJ79;=CB37;=AP59;=AD57;=-10;=AB43;=B45;=S64;=AN100;=18;=CU21-Q5;=BR90+BC42;=BL98-AI97;-307;=AN54;=CN15;=178+-78;=BI98+BY69;=BU13;=234;=BI72;=AH42;=-2;=BY21-AU47;=O8-BB81;=228+179;=3;=AP52;=BO3+CA31;=AJ10;=-57;=-189;=BD12;=-52--131;=13;=CF92;=BK14-CK47;15;=CV71;=AG82;=AM70-AD17;=CD67;=CQ63;-444;=CT55;=R66;=BP66;=BR100;=BJ2+BT87;=AN10;=-275;397;=Y84-AN5;=366--321;=236;=9+0
=CT81;=M64;=CC20;=AK22;=AW46;=0+-17;=CI84-AB79;=AE82+AW41;=W31+BK13;=BA38-S40;=U82-Z80;=CP39;=CU29+BR55;=CN55-CO92;=I90+E51;=AV18;=AT4+AS65;=CC21+CQ90;=BV88-CU39;4;0;=CD96;=-19--8;=-217+-443;=BB16;=AN83+AJ46;=W93+BG43;=AM33+BE79;=BD53+J29;=BH86;=AJ79;1;=BD27-BR15;=CH18;=AV53-CT12;=-281;=281-35;=BP5-AU31;=AM83;=AL8;=0;=-330;=4;=AI21;5;-10;=-118+-414;=U90;=CJ66-CF74;=-247;-239;-3;-14;=CN63-CE58;=BN45;=-12;=-12-2;-467;-15;=CP21;=AH55;=AH52+BF23;=U4+Z81;=BO88;=BP100+AF66;=CL38;=CL77-BT60;124;=159+-455;=AL69;=CK75+CO73;=AN46;=W27;=R49-BK92;=AG26+L38;=CM24-CC100;=H60+Z95;=P24+BV68;-17;=15;=13;-8;=AH5-BE39;=CL87;=BD85;=AE22-BA42;=19;=-6+8;-118;109;=AZ75;=CH93-R87;=Y32;-4;-10;=M7-B19;=0;=BU82-CH3;=-12;=BE56
=AY36-I29;=S2-AH80;=-304+-463;=CK6;=-5+-2;=X98;=11;484;=-449;=AA59;=D85+P74;94;=R41-CD65;=AD33;=CF49;=AV30-CG7;=AJ22;=BM54;13;=AY99+CN29;0;=AW100;-19;=BN69-BK43;=AL15;=497+-74;=AN52+I72;=BZ39+CH26;=CE32-BN74;=BU96+A4;=-3+-8;=CF27;=16;=BR50;=19;=-229-196;=BR82;=AN27-CN68;=BS50;=BZ94;=-492+488;=BM73;=BH55+Q83;=CJ78+BU46;=N96;=AO53+AQ100;=BN38-CL67;=BH87;=CH11;=N51+AJ48;=BL61;1;=AA83-K90;2;-6;=CP8+AD25;=S57+AN28;6;=348;=AA77;=AH38;=AZ49;=BA27;=AR2+CD34;=AI41;=BH60-BF6;=X88;-17;=13+-6;=CO49;-19;=CE49;=BU44-BR63;15;=CC70;=Y9;=AF56+BP6;=BP76-BV77;=15+18;-1;=CQ2+CA9;=A11;=CA91;=F6+BB20;=BS88+AX68;=8;=5--7;=J50;=CE76;=AT51+BF85;=-152;=AV77+BP41;=E81;=AD2;=Y60;=AE63;=AG58+AG28;=BL23;-17;=BE1+AZ36
=U100+AX19;=R100;-420;=AH95;=CE23+AD30;=CU30;=Z16-O38;=BA90+CH88;=-5;=-403+-221;=CH16+BN81;=AZ15;=12+-12;=AG31-BW90;=AR96-R36;=0;=T24-O74;=411;=BL33-AE25;=BT53-AU55;=-361;=11;=O16+BV24;=8;384;411;=-19--10;=BU21+AI52;=P39-CR49;=AR56-I84;=BJ73;=AA11-BM51;=0;-251;0;=AN12;=CG100+H68;=W91+CQ45;=-17--2;=CF97-CU82;=BG13-BZ31;=CS59;=T47;=4;=U36-CT89;=AE94+H7;=CU2-BD99;=CP6;=BP16;=-193;=AD85;=-133;=CH41;=BR77-A49;=-268;=O88-CM48;=AJ94-CF15;=AM67-CM64;=A85;-2;=AX8;=E92;=BZ85-BD91;=AX3;=7;14;=CA82;=1;=BT97;=CG19-AI6;=6+-9;=179-6;=0;=-14+16;=BK27+CP69;=BR17-AK92;=AF57;=I68+BY16;=15+-18;=AX48-BH15;=J77;=-12+-16;=-262;=N77-AT66;=CP94+AE77;-343;=CM5;=AY79;=14+13;-7;=-9+15;=AF15;=Y38;1;=15;-16;-5;=AO16;=7-14;=BG78
=CA7;=-160+168;-18;=AG81;388;=CE54;=AO59;=CO53;=AK48+BZ66;=S66;-12;=CU36-U46;=CB62+J83;=CI39;=AF98+F55;=AJ50+AA2;=AE50;-1;=BE32-BF20;=13-0;15;=3+-4;=AK1;=BO5+AQ80;=-359+204;=M69+CN65;=T79;=C15;=BY100+AP33;=-18;=BJ88+BQ54;-13;=BN53;=BT13;=-13;=CR46-C24;=BE34;=I5+AE43;=CD27-BX97;=191+449;=BG97-O80;375;=CH14;38;=U26+BU61;=CU71;=-312+-277;=CN37+AW13;=AA26-AQ83;=BQ22;=CA74;=CR9+I58;=CF80+BR42;=BX96-V50;=T21;=V1+AQ95;=Q33;299;=AY54;=F97;=389+-370;=253-465;=14+9;=E40;=T63;=-66;=CK15;=185+492;=AB4;=Q16-CH60;=469+129;=N47;=AO68;=K85;=-317+148;=BG9-BP61;=AW8+CU85;=U88-E48;=J74;=BK63+BI28;=AI39+B32;=AC89;=AB8;=BP21+S36;-5;=BL84+AC5;=18;=CH9;=17;=-16;=O29+BM38;=AV82;=BU97;=-426;=BO64-CL65;=CQ29;=AE44;=AF42+CR79;=AQ38;=X8
=AA37+BD28;=BQ50-CP76;=-10;-11;=Y12+AL21;=CO41;=BA44-BZ90;=AH6+BD71;=BC17+CM76;=CC29+AM98;=CI1;=CM86-AZ1;=-3;=D50-AF49;=0+-1;=11+5;=R31-BI2;=F50-X80;7;=BV23;=AV36+AD96;=-3--3;=CA85;=F95;-236;=CE62;=BM70+U30;=CM46;18;=BM82+W75;232;=CS100+AN14;=C99-BQ55;=-15;=N16-CB52;=CC39;=AF85;=L43;-1;106;-10;=17-0;=4;=V60;=AS39-B36;=Y55;=AQ76;=-60;=CH4-B37;=CQ78;=B27-AC49;=AZ83-AH84;=CE53-BX17;=W51-CM16;=CS44+F78;=AG67-J2;=T91+BM13;=AA81;=AY91;=AB26-BB84;=N95-BJ89;=CB70;=AO61+A61;=-289;=331+-28;=CK5;=CR19;-16;=9-3;=BD46+BC23;=L64;8;=-425+-54;=AQ36;=BF61;=P6;=-9--10;=CQ7;=I38;=CN92;=-4+10;=K83;=-154-275;=CM58+AQ42;=CK74+CH44;-173;=CN89;=CH100-AB5;=U62+BQ97;=AV39;=-53+-307;=BK50;=CP61+R91;=CU61-AZ54;=AV4;=AG93;=AY66-CK93;=AN63+N81;136;=CJ54-BS6
=BL76-BF50;=C50-AX96;=W68;=-288;=BR73;=BY34;=AF16;=Q48+AS55;=BA36-B82;=BE48+CO5;=AB31;=-3;=V65+O20;=AU76;=BH93;=5;=O23;=L50;-18;=Z68-H84;=AI44;=BC26;=CA77-J52;118;=X100;=-228;=AE92-AQ87;=W8-CO79;=-15;=B62-CE71;=-7--4;=BS61;=AN16;=2;=BT80+BD61;=360;=BG7;=I24;9;=CJ44;=BB53;=P92-AV7;=AD83;=-158-207;=U25-BT82;=-1;=AP38;=AQ75-CV9;=60;=-491--147;=BZ100;=CK62;=CE51+CR95;=CP43+BK91;-490;=BJ93+CD97;=0+-152;=329;=BF95+E11;14;=BM62+AC12;=3;=CV94;=CV44-BM59;=Y98;=CU41+G89;=AU18;=AS72+X26;=AJ34+AT9;=CR16-CU22;=AK96;=G47;11;=F57;=-491;=V39;=CM8;=CH78+CO28;=W43-CF91;=AI2-N56;-406;=11;=270;=-346+72;=CV29;=BF87-BR85;=-83--426;=AH45+CP58;=-197;=CP100+BI24;=BM86-E18;=AL88;=-166;=AJ67-F59;=M75+L69;=CD40+CD80;=AR38;=X11;=BQ6+CM19;203
=BL4+Q22;=AW79;=A39;=423;=Y89+CG73;=Q1;=N92;=BV87+O76;=BF17-BT14;=A15-CP98;=BA72+G35;-15;=CF32;=BX93+CV69;=412;=-16-419;=I1;=BS90;=CC37;=M3+AI31;=B11;=CE33-BT20;=309;=M77;=AF12;=C4;=S99-BD7;=AV85;=AC3+CJ28;=BE93-BJ34;=J96-BJ58;=V12+BM94;=CS40+CE42;-26;=AD39+A31;=BQ71+D37;=CQ43;=H67+BP32;=BE62-U68;=AQ94;=83;=AQ62-BW68;=275;=-19;=-9+6;=BA70+P87;=Q82-AY51;=CR64-CV92;=BJ23-K18;=CI9;=E12;=O63+H38;=AY67+AC91;=CJ47+CD7;=-8;=-9;=BG100;=CK13;=15;=Z91+H53;=AM9;-188;=105+-370;=18;=U38;127;=AL2+CK51;=167;16;=AK57;=300+-42;=CT65;=-105;=-17-18;4;=AU36;=BA59;=AA35;=107+-91;=AX88;=P61-Z86;=-88;=367;=AN40;=BF79-Y5;=CG97-BA22;-468;=-1+-1;=BF97+AU63;=CN43-BY88;=CR78;=18;=CH50;382;=X28;=AV28;=AG19+CC99;=BK34;-13;=CA95
-13;=C45+CB15;-7;=F36;=L78+L44;=9--15;=AR99;=AL98+AT83;=239;=T48+P32;=-9;=AP75+CO59;=CS87;=V14;=CL62;=CI27;=BO69-CV49;=AM35;=X72-AD6;=AN51;=B9;=CU84;-499;=O61-F76;=BI50-BJ57;=AB51;=H35-BA24;=U41;-18;=AD97;=W47;=BZ68;-18;=Z69-BZ37;=BP88;=0;=AP13;=AX79;-193;=AJ84;=CQ77-BE86;=AE2+Z15;=B75;12;=AJ17;=-353;=BP18;=CM98;=AZ41-BS13;=-127--80;359;=CI55;=BU79-CL14;=Q14;5;=BN78;=BR21-P91;=1+14;=0+-7;=AS87;=S91-CE91;=5-8;=AD93-AR14;=-3;=CT92;=W84-AN78;=CB29;=BI39;=4+-13;=-203;=CR94;-416;=BV12+AM7;=BY11-AW34;=W55;16;=AN71;=-5-18;=-5+-17;=-9+12;=T92+BE92;=18;=BU22+AI64;=BA83;=O13;=CM10;10;=90--198;=12;=Z74-L66;=-184;=AI38-BC46;=CI67;=CA70-BY39;=AL22;=CA90;=AD49+BE81;=CV66;=CB76+M49;=BE51-BG4
=3+-6;=BP65;17;-7;=17;=-267;16;=BE53;=-344;=L37-BT59;-439;=236+476;=BA41-AW59;=AK30;=AB89-CE14;=CD5-AN92;=CP26;=121+-68;0;=Y82;6;=-4;=-436;=AD64;0;=AO34;=342;=19+5;-13;=15+-4;=BO95+BP39;-11;=K72;345;=BG75-Y18;=AM31+BV51;=AO78+AJ43;=BH91;=BM97;-6;=AF97+CM87;3;=BW39;=M78-AC25;=S74-J21;=-6;=AH83-E37;=CA35;-10;=392;=CI37;=AB80-CC12;=CE97-K32;=CE68-AR37;=L17-CV67;=BL32;=S98+CG68;=CK27;=W37-CN75;=M6;=110-132;=CN82;=AJ75-AR81;=BL78-BV52;=17+19;=16;=O32;=-351;=BZ55-BY41;=BB57-AF27;=AM95-N37;=CH80+M22;=Y4;=303--436;=CC32;=AW58;=CI6;=L41;=L54;=D95;=CA78+AN85;=AH50;=CO57-C57;=BZ82;10;=AT72;=BH94-P78;=AE39-BZ40;=E75;=BF19+AG3;=AP53+AS51;=12;3;=BU53-G17;=AB78-BR59;447;=B48+AH32;=G32;=AF35+B58;=T56-K15
=-12;=AO52-BM53;=293;=BR25-BY60;=AM24;=BL35;449;=S3-K13;=BP20;=-5-13;=CH8-BH12;=CQ13-M92;=-5+104;=-287+-13;-235;=-196+389;=BE42+BS94;=BR57-BU94;=AV98+AP25;=14-0;-5;=O40;=AB55+BI20;=BE59;=456+226;=19;=-4;=AJ90;=CL86+L68;=-14;=AM92;=8-9;=BS92;=U75+W94;=-11-7;=BG1;=AQ90+AS98;=BI8+AS97;=U67;=Z11-BQ34;=AJ69;=X20+L70;=-16;=AD11;=-408;=CS35+AK27;=AK35-BL7;=413+340;=CN90;=AF14-J13;=CN62;-1;=BQ99;=CO69;=AO93+BN82;=277+469;-474;=CJ92-BS36;=C88+X31;=U27+AZ72;=BX53;=AK59-U15;=BK48-R81;=BM23-V85;-7;=BO66;13;=W5-BA11;=BV17+AZ93;=-44;=CE52;=I82;=AO79;=CR20+AE34;=53;=D94+AL29;=BX2+F87;=BA66;=B20-BP34;=BB62-H100;=0--14;=R43+T43;=-12-0;=AT92;=K88;=CC7-AM37;=BH30+J84;=BB56-BI54;-466;=-3;=BU64;=H49;=130;=AY5+AL25;=-152+220;=BV7-W9;=356-3;=H99;=AP64;=BE85
=CA80;=BJ43-AD52;=CA99-AC31;=CK84-U94;=AF64;=CO58;=AS58-CV78;=T2+AK33;=AV34-G99;=CV35;=CC35+BI90;90;=AT47-BL70;=CD60-AP70;=AJ11;=0;=AI100;=CV88;=BU36;=BV50;=BT33;=-11-1;=-19;=14+-4;-4;=BP58-H45;=BI18-CK22;=BO97+CP28;=AX75+P30;=F31-CJ12;=-14;=BH31-BW29;=-50--68;=4;=CU33;=9+16;=AJ77;=AU92;=378;=BT86+BY55;=AK49-M51;462;371;=B28;=-22;=190+278;=BQ13+AT45;=M81-AT52;=M99-AM11;=Q45+AX31;-353;=BD72+W38;=E29+CH74;=BK87-CO46;=BY53;=-162--119;=12;=BZ65;=6--6;=T22-P75;=CB89-CG5;17;=E65;-123;=154--45;=BW25;=I45+BH57;=CM2-CI5;=BJ7;=BS74+CU11;=BG20;=CD20;=C75-BW100;12;=AT28-AS64;19;=CB93+BY9;-500;-14;=CM59;=CP4;=M52;=BL19+S96;=CA73;=AK83;56;=CT57+CM75;=-384+-489;=I30;=BE18;=AG98;=473+-205;=N91-X66;=D88;=-166--456;198;-1;=BV48;=-9;=3
=14-3;=S21;=BZ32;=CL22;=363;=83;=BH11-V73;=16;=AC6;=T6-BN25;=Y37;=BU38;0;=AH44;=-7-19;=-18;-6;=-352;=CB49;=BW55;=CI77;=BC63;=128;=CG18;=CI71;=CK56;=-96-216;=BB6+CF25;=AJ81+CM4;=BC6+CQ59;-181;=N39;=AD12;12;=CJ19-AR71;-241;=BI80;=BU2-K98;=E61+BM7;=AB48-G15;-161;=CJ21;=U50+C17;=BY86+BF71;=AX74;=AH75-CK71;-11;17;-38;=4-12;=-351;=AR60-CM100;=36;=CO96;-67;=CV73-CG74;=-10+-15;=-17;=CR29;-332;8;=N4;=BK8-AZ51;=I94;=CO85;=BL73+BA71;=K75;=-1-9;=Y83-CL4;=Q55;=U54;=AR10+AP11;9;4;=BZ46-CS50;=V78;=BC32+AH63;=O12;=Z38+AS6;=CJ39+CU31;=BX15+CJ11;=AN41-AD88;=R40+AH18;=66;=0;=X89+AT18;=AM17;12;=8-374;=5;=R48+CR27;=-255-28;=AK43-O35;=AE51;-18;=AM1;=BX35;=-14--7;=CJ83;=-448+-143
-180;=454+-57;152;=16;=11;=-10;=-59+443;=CE15+AU79;=AI27+AC88;=BJ67-BY94;=BV92;-421;-162;-317;=-19+-6;=BZ41+CH65;=AN1;=AY72;=CI96;=-15;18;=AS90;-17;=BW80;=68+47;=CS49;-3;=0--5;=-464;=BE84;=-463+-226;=AY20+F41;=I51+AY50;=AT3-K11;=-153;=AZ53;=AO29;=-487;=BU81-R32;=AW67;15;=14;=CJ64;=-7;=I19+AU99;=15;-6;=N80+CV33;=AD31;=AW64;=AW25+AY75;=BL100;=CS9;=V93;=-47+-163;=X93;=H72+BD59;=BQ91-AZ44;=AA17-AF87;=BJ39+BM26;-8;=F77;=-9;=E33+Y81;399;=M98;=BI52;=CV85-T18;=AB20;=CO23;=Z90-G85;=CV89-AL3;=BH58+AI32;-10;=BW79-AP17;=BY62+R73;=Q28;=CS64-BB34;=D66;=-12--11;=R21+CV98;=-101--431;=CM79;=N8-BN100;=BE94-BZ42;7;=BA74+CE10;=CT19+BB47;-7;13;=H19+AY95;=Y41;=BN56+BJ75;=CQ48-BB90;=AW52;=BV18+AS9;=CH38+BI97;=BJ18-CU48;=AO24;=BJ54+Z63
=AU73;=CO30;=AY35;=13;=L92-K24;=56+-182;=-6;=-140;=AI98+CU57;-4;=BB60-K58;=AZ5-BH42;=R80;=AJ54+BA78;=-17;=AP57;=4+15;268;=AJ87-CT49;=285-120;=O55;-462;=R60-O75;=AY41;=2;=BQ74;=10;=17;=AF11;415;=AS14+CD52;=AK17;=BQ37;8;=AE86;=J33+AU100;=AA16+BA34;=BT25+BT63;=-491+-278;=R89;=BG96;=BY17;=-347--154;=BI74;=AP28-I46;=BF51;-10;=M31;=H6;=AW31;=9;=-14-13;=BI22;-19;=2+-14;=K4;-19;=CI14;=19+-9;=R19;=F72;=118+-128;=AI74;=Z26+AN29;=F49+AI9;=BI79;=BQ61-BJ25;=-384-455;=BP45;405;=380;=463+281;=P62;=BZ38;=238;=0;=6;=AA27+BH9;=BU77;=BT73;19;=-6+-3;=BD31;=AG71+AW26;=O22+BU49;=-431;=-58--324;=AM39+AR65;=BC89-CM66;=389;=AJ33-AA62;=C37;=AF78+P56;-18;=G28;=AT20+BS54;=BG69;3;=AM29+C87;=-1+-12
=5;=17;=AB14;=V27-U31;=AA55-AA66;=BQ95;=E89;=Z93-BI10;=-499-422;446;=302;=-9-16;=AE64;=315+170;-207;=A1;=CK96;=R35+AE79;=7--16;=BY83-D82;=P68+AN94;=-2+10;=CB72-S58;=Q84;=AH56-BL21;=-1;=BE28-CT32;=CV42;62;=CN30+CM89;=BD75;=AW47+W77;=Q49;14;=BT22-T37;=AS78;95;=-9;=F4;=AF21+W14;=BQ59;=BI14;=U35+CT23;=A36;=CQ28;=F56;=CC42+CK89;-19;=N29;=27+-235;=E23+CO3;=AQ58;=M63-AE76;=-224;=CR56;=AR13;=Q74;=16;221;=AE21-BK67;=12;=145-309;=O26;=F90;=CF82;=CU42;=-4+19;=0;=M38-CT75;=V57;5;=37;=AE88;=AI71-BZ36;=D76;=CS42-CG85;=AW32;19;=-18;=-13;=-57;=BI83-BM78;=CQ89;-3;=AX36;=CC44+AP61;=BN91-AM80;=-24;=BP33;=AT35-BR97;=BU59;=Q93;=AK39+AK84;=CJ4;=Z73;=AE4+CB31;=X29;=3-3;3;354
=K17;=G71-BO24;=A28;=BC60;=J28+CH22;=AV14+AS23;=10;=-93-305;=AN68+BN72;=J89+BD55;=N57+CB98;=CK60;225;=AK70;=CF44;=BV74;=BQ24;=B52+AV94;=AA23;=15;-228;=U23-AA78;252;=BP9;=12--18;=W39;=CN5;=AB27;=16+11;=F10+N64;=-384;=-459+249;=6;=BX33;=BW14-CM38;=AF18;=AV27;=M89-AT85;=AI16;=C51;=CU27+AQ44;=19;=AX93;=5;=W15+CG67;=K74;=AX87-AQ79;=P80+AP23;=G22-AH26;=BQ27-BL59;=BK25;=-385+-389;=AP76-CP93;=BL58;=BX27-CR89;=AR78;=I80+BY96;=R67-BE5;=T9+CV84;=CK95;=C70;=-4+7;=T15-AK77;=BO38;=M65;=18--4;=-20;=323--213;=433;=AG60;=16;=BM84;=V43+BR64;=0+-5;=-230+183;=I2+CT30;=BS79;=CB63-V18;=BN11;=CH6-CQ37;=AQ25-AP83;=BO55;=194+240;=-16--17;=AB47-AZ67;=R78+E79;=19;=CB99-CV11;=BG34;=AO63-Z79;=14;=BC25;=CA89;=BB61;=AC66-H1;=AZ26+BS55;=AV76+B77;=BK98+CR43;=CH83;=BE97
409;=CN97;=-1+5;=AO74-K22;=CP38;=379-430;=-17;=CG98+F24;=-4;=C59+AT65;=U84+AB60;=BD83;=E45-BG86;=BF1+AQ70;=AP44;=AJ19;=BZ45+T28;=BX99-CU62;=V88;=431;=CA29;=410;=BW95-CP86;=CM13+CA33;=-19;=T45+BJ48;=BC48;5;=AS93-CN100;=AM22+BJ65;-34;=BU56;=AS13-BT85;=AJ55;=BV47;=6;=AP5;=-46+130;=CJ22;=AO51-CQ83;=AV31+Z98;=BL96;=Y28-CF35;=S47;=Y36+BT26;=W74;=5;=AF89-BR86;=BJ11;=Y16+CT14;=AH1+Z77;=CG16;=CA65+CO9;=-6;=AH98;=343;=-9-13;=C27;=J26-C14;0;=-15;16;=233+62;=AF46+BQ82;=-2+4;=CO63-BQ21;=T49+BC44;-6;=AD4;387;=BL82;=AN53;=P90+BH41;=CK9;=-10;=BE90;=AK26;=-384;=D60;=CL91;361;=1;=AP93-AY96;=AG95+AY45;=BZ9-BT61;=-13;=F46;=CS6;=-409;=AM14+X34;=U47;=8+3;=C81+BW38;=405;=AC35;=BN7-CC6;=BZ14;=BI82+BU6;=-99;=V64-BZ44
-17;-244;=T46;=BX44;17;=AV26;=CA13-AM10;=AW28;=168;=-86+-494;=CD24;=BA95;=BZ17;=3;=-18+7;=7;222;-19;313;=-240-4;=AR4;=333;=V77-T32;-19;=1-8;=BM40+AF44;=-95+-118;=AX70+AQ47;=BO76-U55;=W49;=BV82;=344;341;=BJ1;=300+-28;=CT40;=AF69+BD50;=-306--435;=BF11+BC83;=-2;=AQ2;=AX41;=-11;=-17;=-350+-497;6;353;=BD52;=AE26;=AL13+AW83;=AI92-BP25;=-434-315;=-56+-432;=BL12;=CR72+CK39;=255;=CH23;=AW92-BG87;=10;=CA58-AA80;=BX23+CT97;=U92;=131+-13;=AO13;=BL81-C8;=CO80+CC24;=AC98+BR37;=110+386;-21;=482;=BR72;9;=BM96;=BX91+Z51;=8+1;=CI100;=AL36-BB69;=O24-BX78;=AS68;=CS55;=AT78;=A41;=AZ99+BV22;=R22;-17;=G62+BE31;=BN9;=CE50-BZ78;=13;=CE27+CF79;=U87;=BH83+AT94;=-38-312;=BF30-AR82;=CN11;=Z40-CK2;=BW63+BE83;=T35;=N98;=-7+2
=CA1+CE56;=BL2;=M56-BH23;=BW21-P3;=CT1;-435;=CF65;=BF42-CP36;=BG92;=19-2;=14;=AS5+E94;=Y88;=AX2;=J64;=AV50+CI58;=CL68-AK71;=AG32;=CH36+CI57;=-33;=AT15-AQ73;=AK9+X91;=BM55-K36;-359;=E1;=14;=CS25+BJ26;290;=-8--10;=-132;=K61;=BI85;=AK4;=140;=B42-AK46;=AD100;=AQ6;=CP13;=CK88;=BF21;=AZ31;=CC83;=BH100-BS16;=BM35+CG44;=CF77-AY69;=BE27;=CJ7-BK49;=BH49-AR84;=-102;=-13+-19;=Y69;=BA77;=BC43;=146+86;-19;=AT53;=AW7+AV46;=CQ54;=CQ10;=CC3-AU97;=CA63;107;=CS74;=BQ30+CK79;7;=-61;=BH88-BG60;=BZ19;=405-211;=CN24;=-8;=-20+24;=Q92;=292-79;=AX10+B97;=90+-459;=AG29-BS2;=AW71+AQ55;=1;=AC32+BL50;-400;=Z67;=AL95+BN90;=CV6+AM48;=R51-BW54;=CU12+AY6;=BW61-I87;=R74;=AZ30+B3;=-17;=BU42;=CH32;=BA23-BO23;=-398+-62;-434;-18;=CE8-I17;=-486-267;=AH20;134
=F21;=AE36-BR87;=-46+-121;=102--230;=-17-8;=BJ32;=BC68+I25;=BN76;=AL82;=O56+CQ71;=J4;=BO9;-2;=BJ19-A78;=-2--12;=CO22;=-11;=-19;-39;=CJ71;406;=V97;=-184;=BS19;=AR52;=-13;=AT98+CI24;=205;=Z99-L40;=G26+CK25;=AJ3;=-19;=BO84-Z5;=BM28;=AW11;=AS37+AP99;=134;=CI48;=AJ92;=P96-BL10;=AA84-AE99;=BP46;=D11-BH19;=J49;=AP22-BC2;4;=AS18-AZ60;=AV59+CF50;=P58;=307+290;=372;=AD72;=AY48+J35;=BT71;=K99;=-18;=-4+-89;=BA62+CQ85;=AD21-Z28;=V52;=D79-V32;=CT67;=CS93+CS23;=AH22+BX12;=-1-1;-316;=CR13+AH35;-489;=AN67;=AX99-CR96;=Q29;=BA65-BO25;=340--241;=13+-18;=BA10-CV1;=-348+-465;=CN32-Q43;=BH47;=CK20;=AW23;=CU74+A56;=BP27+BS85;=BF43;=Q96+AK31;=AB83;=BB33+AG23;=BX4+CP88;=Q87+AX5;87;=CS61;126;=-1+-1;=O50;=471--30;=-18;=BA52;=BG83+L33;=AB25-Y75;=K37;=BV78
=AU62+BJ29;=289+439;=-314+332;=CJ46+D38;=BW92;=-4-3;-64;=BN51-N36;=-121;=AC85;=X19-L75;=CG71;=AM61+O37;=A27-AR87;=BD80;296;8;=A32;=BZ93+BA100;=AG100;=AG74-U12;=-14;=BD2;=BK80+BQ84;=BS45+V46;=BH95+L31;=222+-219;=-310;-2;=AU51;=16;=CR61+CD79;=AH21;=Q12+CA56;=CU3+N20;=CK48+CH99;=-1+-16;=CU9;=BT21;=AH58;=BP60+AX91;=9--16;=I11-D18;=4;=1;=CB47-X96;173;-417;=AD50+AC47;=CP60-Z6;=L84;=AO49-BG66;=BA88;=38+247;=CR5+BA17;=5;=A25-BK97;=-1;=CT50+AV56;=K86+BO27;=H36;=BM11-CB30;-117;=CB77-AL5;=BC15;=BV97+BD81;=BF33+BI60;=-1;=-16;=BI81;=BT77-BV65;=X76;-7;=CI89;3;=CN22;=BE13;17;=AN69-CI35;=BI1;=AL30;=CN18;=-434+-379;=CA10-B79;=5;=B74-Y65;=X27-BZ20;=BB88;=CG1+G76;=AL38;=BY85;=Y15+AM43;=BO77+AH11;=BK19;=G44+J98;=BZ53-K5;=CH61-BB99;-305;=-310;=BO47+BY15
=BU93;491;146;=-21--148;=CF47+AF28;=AN43-CA30;=BS14;9;=CN45;=AI90-B60;=21--290;-263;=AD16+P72;=Y53;=CC43;=BO86;=AF61;=CG90;=CF61+BQ42;=K91;=Z56+A44;=CJ96+N46;=AV90-S71;352;=S83;15;=CO62+BT94;=BY78+BB70;=BY89+BV80;=K87-AG77;=CN70;=BF27;=CA71+CJ63;=-318+389;=F58-J36;-11;=F88;=-1-19;=CU92;=175+-431;=A37;=S63;=CR6-BX89;=-17--6;=BN84;=AB96+AU10;77;=AG73;16;=-10;=-7;=CA57;=AM21-BK100;=AU13+AI48;=7;=S5+D58;-4;=-1-18;=-6;=BO20+BA37;-353;=BS7;=BZ95;=-15;=BI96;498;=AI57-AR29;=AL34-CJ81;=K73;=M12;=AQ78-BS97;-17;=0+7;=BU28-CT44;=-7;=3;=CP52+AC97;-45;=BZ11;=AD92;=BF9;386;=CJ82;=-410;=CI12;=12+-472;-12;=-433;=-7;476;=17;-91;=Q67+CH71;=199--383;=N42;=M58+AG62;=BN77;=BX30;13;=X67+BP57
=AX22+AH73;=AI73;=BS73+CP74;-5;=AB65-BP54;-8;=CS65-AA95;=BR4-CN12;=J85-BJ36;=D99-K60;=BD66;-283;=I69;=T50;=J17-V48;=CH30-AV71;=-394+496;=AP78;=CH35+CK58;=AK61;=BH84+AR6;=-147;=K9+AK38;=CH85+AX100;=AX63;=BY13+N55;=AF50;=BQ83;=AQ51-Z65;=397;=CO48;=CJ75+CB94;=AZ98-BX92;439;=AF30;4;=L48-CP7;19;=-167-153;=CB59;=7+-7;=CO66;=BU55;=BV57+I75;5;=CE26-I70;=-488;=CV13;=AY30;=AJ63;=Q62+N70;=249;=X84-BE6;=4;=G53-CH73;=BW99;=BC100-BD84;=BK44;=AL35+AD22;=CN9+B35;=M26+O6;=W73;19;=CK26;381;=J54+BB18;=BV36;=6+13;=T20;=AA79-AU35;=BF100;=V8;=-16;=298;=BZ7-AB1;=5;=-388;=AL11+H63;=AR9-AA10;=AZ69;=M100+AL19;=-4+11;=CA14;=CB79-BE70;=AW60-CJ36;=R58;=AM38;=Z66-BN89;=18-11;=BQ5-AE40;=3;=BN80;=BC9;=AO62;=AD40;=BV30;152;=-314+-203;=CE35;=BW89
=CI60;6;=AU82+K3;=CV7;-17;=Q86-CN49;=G12+A34;=Z88;=CN78+AB18;=AI63-CH96;=CL16+Y54;=2;=BZ5+Z46;=-4;=BK23-BI29;=AR59-BY65;=CV4;=AM79;=BQ29;=AC45;=-11+4;=228+-463;=U78;=CM35+CI87;=BQ23;=BH98;=AV16-BG63;=-6;=T52-CS16;=AN26;450;=L65;=CP19-BD57;=-13;=AE28;=P93-CD14;=CR34;=AG35-BD34;=BS70+BM17;=AY64-BX85;=AX25-BF84;=CD8;=AZ29;=BN21;=AD65;=AM54;=CB4+CF59;=16;=-3-1;=AK69;=AV92+BG95;=-5;=BV96;346;=BY27+CG42;=AQ3;=C84;=AS31+A97;=CE74;=CL81+BJ76;=223;=CD83;=89;7;=8-7;=E54;=P97;=-169--88;=CC79+CL13;=CO31;-14;=AJ86;=AU2-CI18;=186+-312;=-355;=0;0;=CT36;=AA53;=474;=Z22-P29;=-371;0;=AV64-D30;=-342;=AR94;=-390;=13+-3;=BJ49;=18-10;=AZ74;=CP78+CF76;=AP19;=O43+BZ80;=I65;=17;=CI42;=AW70;=AH47;=CO95+CG20
=Q91;=CO70;=318+99;=U8;=U66+CT93;=-14;=AN60;=18;=BC54;=CJ16;=370+255;=408--341;=CG64-BS68;101;=6--14;=AM52;=BV5;=BJ37;=CF68;=CK45+BL20;=T55+BC90;=CP50;=BN20+BL97;=AE93+BJ95;=P35;=12+-14;-103;=460;=AZ25;-19;-407;=CV36;=U37;=I88-CH89;=T38+AL76;=16--8;=P52-CP75;=AG76-AZ27;=CF26-CV23;=18;=-223--234;=CM67-BM85;-157;=BH71;=9;=5;=CN38;=M70-CI98;=AT70-A58;=BB72;=CF72+BU41;=BS24;=CS92;=C55;=D74+CJ48;=CD64+AS74;=F94-CF10;=W83-AL17;=AX92-BT81;=8;=5;=BC19-CJ5;=CP71;=CG47;=CI41+E57;=BO52;=Z7;=CS82-M90;=BC50;=20--31;=BL62-AO30;=X48;=12--8;=BG23;=G84+AG96;=17+6;=BC74;-345;=CS22-BO26;=AD36+BE96;=CC73;=CO87+AX97;=AU34;9;=CK65-P88;=S70;=B91-BZ21;=245+405;=-5+3;=B34-BH8;=AF54;=C64+AP32;=AB63;=I71-AP24;1;=BO51-AI17;431;=L35;-5;=M25
=BN87;=BN47-CE84;=BU95;=8;=BL92+BJ60;=AV15-CF30;=BY32;=26-475;=AG36;=BP40+AF23;=AT64+Q40;=18;=CQ60+AK41;=BJ22+AH24;=AU17;=BZ88;-254;8;=BQ16;=BU5;=AC27;=CS99;=G13-BJ16;=E35-BN59;=BH90+BL71;=I41;=T72;=W64;=173-140;=104-454;=-18--15;=BG22-AC54;=AM84;=AH88-AO36;=AS66;=7;=BC61;=CT69+K39;=BY37-AT73;=AV40;=AE35;=D40;=T99-AI13;=CR65;=O90+CT60;=AH14-BH69;=Z43;=-266;=CD68-BP69;=E20+BF2;=AC71-AE59;=-22;=BI70;-9;=-8;=AO54;=CF99;=AK75+O98;=-59;=476+486;=CF28;=-499+371;=BY93;=BP47-N48;=BG85-AW93;=-18;=B69;=T23;=X3+AS8;13;=13;=BZ86+AQ26;=Q72;=BN97;=BS96;=F18;=BC69-AL81;=P43;=BW15;=BT1;15;=AY71;=-6+-10;=V9;=AS60+S59;=CQ46-AA82;=AT43+AB74;=BN18+X37;=AT74+BG71;=13;=AD90;=-4+3;=BV54;=BL39+AP40;=CL30;=360-462;=232+-252;=AG4+BX84;=-10;=CO84
=-222;=479+-94;=BN2+BZ58;13;=CC9;=AO75;=AI35;=225;=CK91-CN60;=CB60;=L39-BJ50;=AO56-BC11;=BS48;=BG74;=AC2;=CS4;=B18;374;=-16-0;=AE15;=CG36;=7--10;17;-202;=B10;=D89+BI51;=CR1;=M17+BJ99;=L52-CC98;=BO83+V71;=BN57+N75;=AP29-CO94;=3+-8;=CE47-AF37;=BJ64+CR55;=N49-U42;=N22+G54;=K100;=AB92-CC28;=-245-291;=BT37-D17;=16-6;=-361;=BF80+Z54;=297;=AX83-BK18;=-468;=BR79+CH1;=15;=-75+-458;=AY78;=J16;=AR93;15;=BX72+AY17;=E100+BM91;=E36;=BW91;=CJ33;=-300;=CB20;=O45+BX31;=109-139;=7;=BJ91;=CA81;461;=-174;=AW39;=N50;-42;=13;=BY66+Z58;=E14-BV69;=-357;=R34;=CQ98+CB10;=386;=J81-C48;=A48;=CG78+P55;=AY73;=J14;17;=AW37;=X65-C91;=CM28+CF39;=BA55+CF87;=K63;=BQ65;=O18;443;=H76+BW71;=18+16;=-13;=-450;=CB86;=5;=AH17-CN47;=BS86+AT29
=12+8;7;=CV21+BO22;=CL17;=Q70-AN49;=AU49+E7;-104;=AM65+CO60;=AT14;=S1+BY28;=B51+AS96;=AU16;-7;10;=AF76-BN33;=AY90;=BV86-AJ4;=BQ9+AS53;=173;208;=CM47-AY83;=BP28-CO32;=17+13;=CJ40+B43;=1;=8;=19;=-1;=N17+BK81;=CO38+CL1;=AR16;466;=U17;=89+340;=13;=AT21;=BP67;=BR1-AJ56;=BC66+N61;=BD70-BP84;=220+212;=K35+CF98;=N21+CL69;=CM72+CV31;=B78;=CH29+AW36;=CP3+F48;=CA52;=AF33;=-410-121;=CK86+BZ30;=CA97;=CJ50+CD32;=AO28-CU52;=BJ42;=-7;=-8;=D86;=268--165;=AR67;=76;=-6-3;155;=BD10-AN64;=BU20+AW88;=V100+CC82;=378+-308;=BM66;=BG45+AQ93;=G4-O85;=BJ53+CH86;=318-58;=CA88;=0;=AB59-BD26;=-449;=CL7;=BR3+N13;=BW43+BQ25;=CF14+AY31;=BU78-Y87;=AY4-B87;167;155;=2;=E50+BC34;=-17+10;=BA86+BP50;=AN55;=Z21;=374+-120;=AM27-BV75;=J5;9;=-449;=430--431;17;=Q81-P49;=CR7;=B29-AQ28
=BJ92;=-475--316;=CT95;=BC49+CS12;=CG63-AA22;=S43;=C93;=BF22+Z83;=-339;=Y97-AE41;=BB96+CN20;-320;=S60;=BO34+AP14;=AN20;=Q68-CM94;0;=CI88-U49;=BU90;=139;=H33;-2;=CK64;=AF82;=B8;=AM87+CA54;=AW29;10;=CF11-CS69;=S72;=CC47;=AH51-CF95;=14;=CL95-Q80;19;=AK73+BE24;=BQ49;=AL43+N27;376;=AK88;96;=8;=AH9;=12;=AG11+AW6;=BV58-V69;=BY79;=3;=CT28;9;=CE1;=Y73-BW73;=W92+AO80;=B80;=-436--200;=AU78;-4;=AG87-AX21;=BK96+BQ39;=-265;=F14;=18;=199;=BV39-BW30;=-182;=216;=BX64;=AQ32-AP68;=D41-BL8;=AL14+CD18;=AV22-O83;=N34;=-483;187;=BB95+K62;=R55;=AL87-AA38;=BR96+AJ15;-155;=4;=T40;=-409;=-16--11;77;=AT1;=CF16;=-19+-12;=CD59+BH35;-391;=BF36+BU98;=1;=BS28;=BB44-AV24;=-463--465;=-16;=9;=-9--3;=AG6;=BV38;=T53-F47
=O25;=BJ100;=E77;=CB42-AV100;=BP3-BG70;=CA36-Q71;=-14;=CO82;=F16;=E8+AZ39;=BK69;=430;=D12+CC19;=E10+BA49;=CF83;=CM85;-280;=AQ15+AN4;=CF62;=-9--2;=CN59;=-18;=-176--291;=R77+I9;=I21;=M19;=AS10;=8-18;=V96;=CM61;-12;=AQ48;=AF92;=BK78-AO100;=312;=BS69+N30;=BH77+BW11;=BI93;255;295;=-97;=433;=-11;=BR12;=-12;=7;=AA98;=R56+BJ46;201;=U97-CF58;=C69;=C5-AN34;=A76;=W98+CD50;=AC67+V42;-1;=AN47-CN84;=AG7+Z75;=-11+15;=492--467;=BX25;=CQ47+CJ55;=-267;=-5;=N19-AL32;=H58;=AC63+A92;=Z97;=BD19;-17;=BP86-AY8;=BH92;=53;6;=BH65+BZ52;-10;=16;=W78;=U22;=BP31-BA18;=15;=CU66-H79;=CR10-P38;=19+-14;=H28-AH78;=BK36;19;=S9;=K79-Z72;=BU24+BQ51;=BE3;=BJ4+AX11;=U65;=233;=-1+3;=CK54;=CI36-AX14;=0+-12;=I66;=CL94
=C95;=BZ61;=AI91;=-368;=CR98;452;=CT29;371;=AF63-AM93;=Z48+BU14;=BI63-BM80;=BX52;=AN65;-234;=K52;=-7;=CK78;=CO42;=Y6+CA67;=CH70;=CB78+X2;=AU52+CU50;=BL48+S30;-474;=BK26;=V66;6;=BE87+H86;=17-16;-117;=X94;=AW68-CK21;=CF29;8;=AX42-U56;=BA56+Z41;=-17--2;=-13-8;15;=441+188;=B21;=CF1-A16;=BZ24;=CE9+CB82;=BL51+AU91;=AZ42+F22;=-16;=AE48-AA71;=AX62-AB97;=C26-AB21;=BP98;=-16;=BX54-AE65;=BS17-BR39;=CU81+BA61;=J39;=BO75+BL64;=BA12+CP49;=W46-R69;=BN15;-23;=BB36+AU58;=BG58+CD78;=BF4;=AJ66+O100;=-260;=D23-B47;=BA92+BG76;=E39;=CG24+CB67;=485-481;=BR75;=CJ30;=CD23-BH52;=G24;-6;=-362;=350;=BB25-AX56;=-17;=AE23;=L46;=E85;=CF67-CO75;=BM6;=N25+F15;27;=-219;=AA14;=S95;=CJ35-BA99;=AS41-D70;=CT88+BW78;=I77+BQ53;=T42;-13;=11;=17;=BJ87;=AH99
=BT9-BR41;=N58;=BJ83+BK79;=-151;-212;=CC75-AY92;=307;=BH28-BX28;=BE75+BK32;=AW65+CC94;=BN58+AL50;=CS94-BD42;=V58+BI46;=-184;=-19;=AN6;=X97;=CT63-AY25;=H89+AH87;=BS46;=K44+T26;=3;=W61-AG80;=BQ14+CB13;=R97+AE80;=-494;=AU24;=T70+M48;=BG54;=11--12;=I28-BC22;=-1+-11;=AH37+BO8;=C77-CB12;=9;=BI64-CQ87;=9+10;=AM88;=AQ43;=12;=AI75-Y63;=-18;=-5--18;=BF92;=CO68;=CT87+F67;=AU77;=AG41;=14+-19;=3;=BN43;=CV25+BP14;0;=BA82+A18;=BS53+F12;=CL56;-164;=17+-13;=272;=126;=16;=-9--19;=B64;=AJ26-D64;=-6;-10;=-345-394;=1;=J66-Z13;=5-15;=13-9;=CS77;=CG75+N24;=-11;=BS3+Q57;=AR68-AJ38;=AO96;=G90-C43;=J63;=292;=-10;=A22-CB38;=BT90;=BB94;=BK86+CP5;=AU60;493;=AC90+W1;=BI33;=J34;=-18+4;=137--347;=CN94+AN9;-337;=CB55+AD15;=CF37+AM41;=AJ83-CC87;=AM58;=R20;=CS60+AD19
=CH51-CO13;=L71+BT65;=AT82;-246;=BO100;=CE4;=Q6-AC58;=Q78;=BR71-AV52;=BL6+CH47;=-16;=A62-CJ98;223;=-77;=AX6;-18;=C86;=BY98-B81;=14-0;-470;=BJ62;=BZ49;=BA85;=BW70;=G77-C73;=408+-287;=AG53+BX88;=N54+BC78;=16+-7;=CC4;=BY59;=100--328;5;=CO88-AB7;=315-190;=CQ22-O11;=12;=BD15+BO85;=I97+BU70;=11;=216;=AN36;=-194+223;=-179+122;=BX45+R16;=N68;=-51;=O47+AI14;=433;=-108;=16+-16;=J43;=CS86;60;=CG54-BK55;=458;=CI75-CV59;=CE29;=AA30;=CG27-CV65;=CD61;=Y3-E70;=CR33;=AL20-M54;=-3;=AS52;=CP57;=K34-BD69;=-249;=BA35;=N6-BG50;=AM64-AY88;=L97;=AP79;=CE70;=CH43;=8+0;=3;=AM15;0;=U16;11;=Q17+BT47;=Y52+CU69;=R64+L9;=-209-365;=R61+AW48;=CC91;=-12;=CN74;=17;=CM92-BL28;=BJ44+AT69;=AB12;=T30;0;=CG28-F71;=AX4;=BF78;126
=X60;=BQ2-CB100;=CJ10+AW24;=P95+AZ19;-165;=-289;=BL46-BB37;=I79+CG99;=-4;7;4;=BD96-AB44;=-4;=-445;=A54-CF84;=BD9+AB42;=AZ59;=387-268;=I64;=AS89+AF5;=L79;=-3+11;=BR88;227;=BX29-AW21;=BW4+BF5;=-15+-4;-17;=CN54-BI11;=-15+9;=-14;=BM69-AN8;=CJ9+CV93;=AG27-BE41;=BI68;=15;=BY99+BN95;=O59+AC50;=BG15+O78;=CO8-AX27;=O64-CR39;=-4;=BS18-CU70;=BF74;=AY93;-64;=CL40;=AN70-F60;-220;=Q53;=L58+BW93;=AO91;=C33;=T39-BX9;=-465+-319;=G65;=N44;=BH13;=X14-S33;=AD32+R25;=AN11;=BM12;-196;=-474;=BB54-AP27;=AO70-AA41;=-12;=BO31-BG2;=H64-BG47;-15;=CV16;=-15;-1;78;215;=BT17+C79;=CA98+S17;302;=-1-8;=CT38;=CI45;=BV93+R38;=AG1-BY22;=CV32;-454;=X39+BE100;309;=BZ13+AC52;=AI61-AO92;=BH44+AA58;229;=CP17;=BW65+AI70;=AD47+X47;=AF51;=BS72-AE67;=W10;-230;=-411-312;=BV95
=18;=A20+CJ72;=BD73;=CS33-CA86;=BZ91-CJ91;=CT15;=BG65-G36;=AD24;=-8;=CS85;=AL48+CI65;=CU53;121;=5;=CR44-AK16;=CB36;=-9;=-1--2;=AF36;=-14--7;=402;=276+-462;=CG76-AI87;-485;=CQ34;=12+6;=CB16-AL44;=BF35;=Z35+BA47;=L93;=P22+BL87;=AF47+BC28;=X56;=AA12-BM93;=BT74;=D24+CR22;=AQ30+C92;-16;=CH76-CC68;=BK75;=AA87;=BX66+CB28;=BP95+BN48;=CS45;=-158;=-299;=AZ92;-15;-91;=W33+CL37;=-19;=AL94-AA21;=BX67;=BL94;=CC16+BN50;=D42;=CN25-BV85;-59;=AN38+CP59;-63;=CI90-BE46;=CU93;=BP96;=CG14;=BA15+AP3;=BA1+CO35;=AP95+D29;-163;3;=BN79;=AF75;=AG57-CO19;=G55-U9;=-51+-314;=CU75+BL29;=AZ89;=11;=BE54;=15;=CO47;=AT46;=BQ28;=BT78;=AP16;=BE12;=AH79-Y13;=BA69;=355+-27;=BD22+AC94;=-410;=CK76;6;=-6;=B55-BU43;=CM60;=AI80;=N67;=-19+-3;=BT70+V53;=AN89-AX16
=BR14+U64;=CO16;=AE87+B46;=-7;-19;=BA68;=AP98;=AV99;=CU8;=AY61;=CB84;=V35+I39;=AA15;=BX14-CR85;=497+-459;419;-18;=-240--156;=BS81;=L20;=AP54;=E71+CA18;=CF48;=-9--1;=17;=CM90;=CS2-BX80;=BO50-BF70;=BS56;=CI73-BR94;=-132;=0--17;=0+9;=BB86;=S29+B56;3;=BV73;=Z3-BQ43;=BP36;=BJ68;=K1;=CM82;=R39+BJ6;=AN2;=CO61;=BW94;=Z45;=AJ68;=G83;=19;=AL45;=18+14;=X82-X36;=BJ21+BJ77;=BR74;=-3;=BA89;=CT70;=CM11;=-4-11;=BR9-BO72;=F89+CM3;=472-478;226;=-16+-16;117;=CU58-E87;=BG27-CI47;=CJ52;=AJ41+AL28;=AW94;=-13;=AJ37;=AL33-BY52;=CG53;=U70;-11;=AE37;-112;=BX1-CD37;=BP26-AH25;=BG88+CF36;=AY43;261;=CM34;=BY97;=-485-212;=393-465;=X9+CE19;-131;=-473;=P67;=I60-AQ20;=0-11;=17-5;=BR65-AW2;=CK59+BL77;330;=CP25+CR26;=BT8-W4
=264+-405;19;=-14--7;=263+-276;=CQ86;=-308+-45;=J7+BN41;=CJ93-BV3;=CM9;-1;-2;=BI65;=BC36+BM43;=12--324;=AV65;=R85;=BO99;=17;=-83+193;=285-342;=CQ42;-17;=AM45-BN23;=A19+AN77;=-16;=V40-B65;=CC10;363;=CF42;-473;=AF19-BT18;=BJ80;=CJ53;=BE49-BY12;=D9;=460;=P40;=O87+AE33;=AO1+AO31;=-3;=BK52+AY13;=BT79+CE82;=-36;=-15;=CQ8-BX42;=C7;=CB71-BA46;=BD78;=BG18+BA21;=244-26;=H47;=CU99;=CQ18;=O9-AP50;=-17+13;-19;=AA75;=P70;=CS47;=G92;=AT67+CK42;=CE46-AW81;=CT34;=-8-3;=AW12;=BY38;=-17;=CF89;=495+-394;-351;=CR70;=BA14;=F85-AF17;344;=AM75;=BF59;=BU39;=10+16;=CS70-CU79;=BW7+CV76;=O60;=-13--2;=CU64;=P16;=BA84;-15;=-15;=BJ12-AA97;=BD11+AG61;=CP67-BV72;=CU20+CD11;=19--17;=18+-14;=10;=CF75-BP11;=X90;=15--16;=BX71;=BJ15+BI4;=AL53-AB46